2026-04-27 13:47:48 INFO  [org.example.Main] — ╔══════════════════════════════════╗
2026-04-27 13:47:48 INFO  [org.example.Main] — ║  🏆 SportWave Bot  STARTING...   ║
2026-04-27 13:47:48 INFO  [org.example.Main] — ╚══════════════════════════════════╝
2026-04-27 13:47:48 INFO  [org.example.Database] — 📦 Connecting to PostgreSQL: postgres@localhost:5432/sportwave
2026-04-27 13:47:48 INFO  [c.z.h.HikariDataSource] — SportWavePool - Starting...
2026-04-27 13:47:48 INFO  [c.z.h.pool.HikariPool] — SportWavePool - Added connection org.postgresql.jdbc.PgConnection@4b0d79fc
2026-04-27 13:47:48 INFO  [c.z.h.HikariDataSource] — SportWavePool - Start completed.
2026-04-27 13:47:48 INFO  [org.example.Database] — ✅ DB pool created
2026-04-27 13:47:48 INFO  [org.example.Database] — ✅ DB schema ready
2026-04-27 13:47:48 INFO  [org.example.StatsService] — ✅ Stats tables ready
2026-04-27 13:47:48 INFO  [org.example.Main] — ▶ Bot: @SportWave
2026-04-27 13:47:48 INFO  [org.example.Main] — ▶ Admins: [6688348215]
2026-04-27 13:47:48 INFO  [org.example.Bot] — 🤖 Bot: @SportWave
2026-04-27 13:47:49 INFO  [org.example.Main] — ✅ Bot is running!
2026-04-27 13:49:17 INFO  [org.example.Main] — 🛑 Shutting down...
2026-04-27 13:49:17 INFO  [c.z.h.HikariDataSource] — SportWavePool - Shutdown initiated...
2026-04-27 13:49:17 INFO  [c.z.h.HikariDataSource] — SportWavePool - Shutdown completed.
2026-04-27 13:49:17 INFO  [org.example.Database] — 🔌 DB pool closed
2026-04-27 13:49:19 INFO  [org.example.Main] — ╔══════════════════════════════════╗
2026-04-27 13:49:19 INFO  [org.example.Main] — ║  🏆 SportWave Bot  STARTING...   ║
2026-04-27 13:49:19 INFO  [org.example.Main] — ╚══════════════════════════════════╝
2026-04-27 13:49:19 INFO  [org.example.Database] — 📦 Connecting to PostgreSQL: postgres@localhost:5432/sportwave
2026-04-27 13:49:19 INFO  [c.z.h.HikariDataSource] — SportWavePool - Starting...
2026-04-27 13:49:19 INFO  [c.z.h.pool.HikariPool] — SportWavePool - Added connection org.postgresql.jdbc.PgConnection@61001b64
2026-04-27 13:49:19 INFO  [c.z.h.HikariDataSource] — SportWavePool - Start completed.
2026-04-27 13:49:19 INFO  [org.example.Database] — ✅ DB pool created
2026-04-27 13:49:19 INFO  [org.example.Database] — ✅ DB schema ready
2026-04-27 13:49:19 INFO  [org.example.StatsService] — ✅ Stats tables ready
2026-04-27 13:49:19 INFO  [org.example.Main] — ▶ Bot: @SportWave
2026-04-27 13:49:19 INFO  [org.example.Main] — ▶ Admins: [6688348215]
2026-04-27 13:49:19 INFO  [org.example.Bot] — 🤖 Bot: @SportWave
2026-04-27 13:49:21 INFO  [org.example.Main] — ✅ Bot is running!
2026-04-27 15:00:09 INFO  [org.example.Main] — 🛑 Shutting down...
2026-04-27 15:00:09 INFO  [c.z.h.HikariDataSource] — SportWavePool - Shutdown initiated...
2026-04-27 15:00:09 INFO  [c.z.h.HikariDataSource] — SportWavePool - Shutdown completed.
2026-04-27 15:00:09 INFO  [org.example.Database] — 🔌 DB pool closed
2026-04-27 15:00:10 INFO  [org.example.Main] — ╔══════════════════════════════════╗
2026-04-27 15:00:10 INFO  [org.example.Main] — ║  🏆 SportWave Bot  STARTING...   ║
2026-04-27 15:00:10 INFO  [org.example.Main] — ╚══════════════════════════════════╝
2026-04-27 15:00:10 INFO  [org.example.Database] — 📦 Connecting to PostgreSQL: postgres@localhost:5432/sportwave
2026-04-27 15:00:10 INFO  [c.z.h.HikariDataSource] — SportWavePool - Starting...
2026-04-27 15:00:10 INFO  [c.z.h.pool.HikariPool] — SportWavePool - Added connection org.postgresql.jdbc.PgConnection@47e2e487
2026-04-27 15:00:10 INFO  [c.z.h.HikariDataSource] — SportWavePool - Start completed.
2026-04-27 15:00:10 INFO  [org.example.Database] — ✅ DB pool created
2026-04-27 15:00:10 INFO  [org.example.Database] — ✅ DB schema ready
2026-04-27 15:00:10 INFO  [org.example.StatsService] — ✅ Stats tables ready
2026-04-27 15:00:10 INFO  [org.example.Main] — ▶ Bot: @SportWave
2026-04-27 15:00:10 INFO  [org.example.Main] — ▶ Admins: [6688348215]
2026-04-27 15:00:10 INFO  [org.example.Bot] — 🤖 Bot: @SportWave
2026-04-27 15:00:11 INFO  [org.example.Main] — ╔══════════════════════════════════╗
2026-04-27 15:00:11 INFO  [org.example.Main] — ║  🏆 SportWave Bot  STARTING...   ║
2026-04-27 15:00:11 INFO  [org.example.Main] — ╚══════════════════════════════════╝
2026-04-27 15:00:11 INFO  [org.example.Database] — 📦 Connecting to PostgreSQL: postgres@localhost:5432/sportwave
2026-04-27 15:00:11 INFO  [c.z.h.HikariDataSource] — SportWavePool - Starting...
2026-04-27 15:00:11 INFO  [org.example.Main] — ✅ Bot is running!
2026-04-27 15:00:11 INFO  [c.z.h.pool.HikariPool] — SportWavePool - Added connection org.postgresql.jdbc.PgConnection@201a4587
2026-04-27 15:00:11 INFO  [c.z.h.HikariDataSource] — SportWavePool - Start completed.
2026-04-27 15:00:11 INFO  [org.example.Database] — ✅ DB pool created
2026-04-27 15:00:11 INFO  [org.example.Database] — ✅ DB schema ready
2026-04-27 15:00:11 INFO  [org.example.StatsService] — ✅ Stats tables ready
2026-04-27 15:00:11 INFO  [org.example.Main] — ▶ Bot: @SportWave
2026-04-27 15:00:11 INFO  [org.example.Main] — ▶ Admins: [6688348215]
2026-04-27 15:00:12 INFO  [org.example.Bot] — 🤖 Bot: @SportWave
2026-04-27 15:00:12 INFO  [org.example.Main] — ✅ Bot is running!
2026-04-27 15:00:16 ERROR [o.t.t.u.DefaultBotSession] — Error executing org.telegram.telegrambots.meta.api.methods.updates.GetUpdates query: [409] Conflict: terminated by other getUpdates request; make sure that only one bot instance is running
org.telegram.telegrambots.meta.exceptions.TelegramApiRequestException: Error executing org.telegram.telegrambots.meta.api.methods.updates.GetUpdates query: [409] Conflict: terminated by other getUpdates request; make sure that only one bot instance is running
	at org.telegram.telegrambots.meta.api.methods.PartialBotApiMethod.deserializeResponseInternal(PartialBotApiMethod.java:54)
	at org.telegram.telegrambots.meta.api.methods.PartialBotApiMethod.deserializeResponseArray(PartialBotApiMethod.java:39)
	at org.telegram.telegrambots.meta.api.methods.updates.GetUpdates.deserializeResponse(GetUpdates.java:83)
	at org.telegram.telegrambots.updatesreceivers.DefaultBotSession$ReaderThread.getUpdatesFromServer(DefaultBotSession.java:258)
	at org.telegram.telegrambots.updatesreceivers.DefaultBotSession$ReaderThread.run(DefaultBotSession.java:188)
2026-04-27 15:00:16 ERROR [o.t.t.u.DefaultBotSession] — Error executing org.telegram.telegrambots.meta.api.methods.updates.GetUpdates query: [409] Conflict: terminated by other getUpdates request; make sure that only one bot instance is running
org.telegram.telegrambots.meta.exceptions.TelegramApiRequestException: Error executing org.telegram.telegrambots.meta.api.methods.updates.GetUpdates query: [409] Conflict: terminated by other getUpdates request; make sure that only one bot instance is running
	at org.telegram.telegrambots.meta.api.methods.PartialBotApiMethod.deserializeResponseInternal(PartialBotApiMethod.java:54)
	at org.telegram.telegrambots.meta.api.methods.PartialBotApiMethod.deserializeResponseArray(PartialBotApiMethod.java:39)
	at org.telegram.telegrambots.meta.api.methods.updates.GetUpdates.deserializeResponse(GetUpdates.java:83)
	at org.telegram.telegrambots.updatesreceivers.DefaultBotSession$ReaderThread.getUpdatesFromServer(DefaultBotSession.java:258)
	at org.telegram.telegrambots.updatesreceivers.DefaultBotSession$ReaderThread.run(DefaultBotSession.java:188)
2026-04-27 15:00:20 ERROR [o.t.t.u.DefaultBotSession] — Error executing org.telegram.telegrambots.meta.api.methods.updates.GetUpdates query: [409] Conflict: terminated by other getUpdates request; make sure that only one bot instance is running
org.telegram.telegrambots.meta.exceptions.TelegramApiRequestException: Error executing org.telegram.telegrambots.meta.api.methods.updates.GetUpdates query: [409] Conflict: terminated by other getUpdates request; make sure that only one bot instance is running
	at org.telegram.telegrambots.meta.api.methods.PartialBotApiMethod.deserializeResponseInternal(PartialBotApiMethod.java:54)
	at org.telegram.telegrambots.meta.api.methods.PartialBotApiMethod.deserializeResponseArray(PartialBotApiMethod.java:39)
	at org.telegram.telegrambots.meta.api.methods.updates.GetUpdates.deserializeResponse(GetUpdates.java:83)
	at org.telegram.telegrambots.updatesreceivers.DefaultBotSession$ReaderThread.getUpdatesFromServer(DefaultBotSession.java:258)
	at org.telegram.telegrambots.updatesreceivers.DefaultBotSession$ReaderThread.run(DefaultBotSession.java:188)
2026-04-27 15:00:21 ERROR [o.t.t.u.DefaultBotSession] — Error executing org.telegram.telegrambots.meta.api.methods.updates.GetUpdates query: [409] Conflict: terminated by other getUpdates request; make sure that only one bot instance is running
org.telegram.telegrambots.meta.exceptions.TelegramApiRequestException: Error executing org.telegram.telegrambots.meta.api.methods.updates.GetUpdates query: [409] Conflict: terminated by other getUpdates request; make sure that only one bot instance is running
	at org.telegram.telegrambots.meta.api.methods.PartialBotApiMethod.deserializeResponseInternal(PartialBotApiMethod.java:54)
	at org.telegram.telegrambots.meta.api.methods.PartialBotApiMethod.deserializeResponseArray(PartialBotApiMethod.java:39)
	at org.telegram.telegrambots.meta.api.methods.updates.GetUpdates.deserializeResponse(GetUpdates.java:83)
	at org.telegram.telegrambots.updatesreceivers.DefaultBotSession$ReaderThread.getUpdatesFromServer(DefaultBotSession.java:258)
	at org.telegram.telegrambots.updatesreceivers.DefaultBotSession$ReaderThread.run(DefaultBotSession.java:188)
2026-04-27 15:00:24 ERROR [o.t.t.u.DefaultBotSession] — Error executing org.telegram.telegrambots.meta.api.methods.updates.GetUpdates query: [409] Conflict: terminated by other getUpdates request; make sure that only one bot instance is running
org.telegram.telegrambots.meta.exceptions.TelegramApiRequestException: Error executing org.telegram.telegrambots.meta.api.methods.updates.GetUpdates query: [409] Conflict: terminated by other getUpdates request; make sure that only one bot instance is running
	at org.telegram.telegrambots.meta.api.methods.PartialBotApiMethod.deserializeResponseInternal(PartialBotApiMethod.java:54)
	at org.telegram.telegrambots.meta.api.methods.PartialBotApiMethod.deserializeResponseArray(PartialBotApiMethod.java:39)
	at org.telegram.telegrambots.meta.api.methods.updates.GetUpdates.deserializeResponse(GetUpdates.java:83)
	at org.telegram.telegrambots.updatesreceivers.DefaultBotSession$ReaderThread.getUpdatesFromServer(DefaultBotSession.java:258)
	at org.telegram.telegrambots.updatesreceivers.DefaultBotSession$ReaderThread.run(DefaultBotSession.java:188)
2026-04-27 15:00:25 ERROR [o.t.t.u.DefaultBotSession] — Error executing org.telegram.telegrambots.meta.api.methods.updates.GetUpdates query: [409] Conflict: terminated by other getUpdates request; make sure that only one bot instance is running
org.telegram.telegrambots.meta.exceptions.TelegramApiRequestException: Error executing org.telegram.telegrambots.meta.api.methods.updates.GetUpdates query: [409] Conflict: terminated by other getUpdates request; make sure that only one bot instance is running
	at org.telegram.telegrambots.meta.api.methods.PartialBotApiMethod.deserializeResponseInternal(PartialBotApiMethod.java:54)
	at org.telegram.telegrambots.meta.api.methods.PartialBotApiMethod.deserializeResponseArray(PartialBotApiMethod.java:39)
	at org.telegram.telegrambots.meta.api.methods.updates.GetUpdates.deserializeResponse(GetUpdates.java:83)
	at org.telegram.telegrambots.updatesreceivers.DefaultBotSession$ReaderThread.getUpdatesFromServer(DefaultBotSession.java:258)
	at org.telegram.telegrambots.updatesreceivers.DefaultBotSession$ReaderThread.run(DefaultBotSession.java:188)
2026-04-27 15:00:29 ERROR [o.t.t.u.DefaultBotSession] — Error executing org.telegram.telegrambots.meta.api.methods.updates.GetUpdates query: [409] Conflict: terminated by other getUpdates request; make sure that only one bot instance is running
org.telegram.telegrambots.meta.exceptions.TelegramApiRequestException: Error executing org.telegram.telegrambots.meta.api.methods.updates.GetUpdates query: [409] Conflict: terminated by other getUpdates request; make sure that only one bot instance is running
	at org.telegram.telegrambots.meta.api.methods.PartialBotApiMethod.deserializeResponseInternal(PartialBotApiMethod.java:54)
	at org.telegram.telegrambots.meta.api.methods.PartialBotApiMethod.deserializeResponseArray(PartialBotApiMethod.java:39)
	at org.telegram.telegrambots.meta.api.methods.updates.GetUpdates.deserializeResponse(GetUpdates.java:83)
	at org.telegram.telegrambots.updatesreceivers.DefaultBotSession$ReaderThread.getUpdatesFromServer(DefaultBotSession.java:258)
	at org.telegram.telegrambots.updatesreceivers.DefaultBotSession$ReaderThread.run(DefaultBotSession.java:188)
2026-04-27 15:00:29 ERROR [o.t.t.u.DefaultBotSession] — Error executing org.telegram.telegrambots.meta.api.methods.updates.GetUpdates query: [409] Conflict: terminated by other getUpdates request; make sure that only one bot instance is running
org.telegram.telegrambots.meta.exceptions.TelegramApiRequestException: Error executing org.telegram.telegrambots.meta.api.methods.updates.GetUpdates query: [409] Conflict: terminated by other getUpdates request; make sure that only one bot instance is running
	at org.telegram.telegrambots.meta.api.methods.PartialBotApiMethod.deserializeResponseInternal(PartialBotApiMethod.java:54)
	at org.telegram.telegrambots.meta.api.methods.PartialBotApiMethod.deserializeResponseArray(PartialBotApiMethod.java:39)
	at org.telegram.telegrambots.meta.api.methods.updates.GetUpdates.deserializeResponse(GetUpdates.java:83)
	at org.telegram.telegrambots.updatesreceivers.DefaultBotSession$ReaderThread.getUpdatesFromServer(DefaultBotSession.java:258)
	at org.telegram.telegrambots.updatesreceivers.DefaultBotSession$ReaderThread.run(DefaultBotSession.java:188)
2026-04-27 15:00:33 ERROR [o.t.t.u.DefaultBotSession] — Error executing org.telegram.telegrambots.meta.api.methods.updates.GetUpdates query: [409] Conflict: terminated by other getUpdates request; make sure that only one bot instance is running
org.telegram.telegrambots.meta.exceptions.TelegramApiRequestException: Error executing org.telegram.telegrambots.meta.api.methods.updates.GetUpdates query: [409] Conflict: terminated by other getUpdates request; make sure that only one bot instance is running
	at org.telegram.telegrambots.meta.api.methods.PartialBotApiMethod.deserializeResponseInternal(PartialBotApiMethod.java:54)
	at org.telegram.telegrambots.meta.api.methods.PartialBotApiMethod.deserializeResponseArray(PartialBotApiMethod.java:39)
	at org.telegram.telegrambots.meta.api.methods.updates.GetUpdates.deserializeResponse(GetUpdates.java:83)
	at org.telegram.telegrambots.updatesreceivers.DefaultBotSession$ReaderThread.getUpdatesFromServer(DefaultBotSession.java:258)
	at org.telegram.telegrambots.updatesreceivers.DefaultBotSession$ReaderThread.run(DefaultBotSession.java:188)
2026-04-27 15:00:34 ERROR [o.t.t.u.DefaultBotSession] — Error executing org.telegram.telegrambots.meta.api.methods.updates.GetUpdates query: [409] Conflict: terminated by other getUpdates request; make sure that only one bot instance is running
org.telegram.telegrambots.meta.exceptions.TelegramApiRequestException: Error executing org.telegram.telegrambots.meta.api.methods.updates.GetUpdates query: [409] Conflict: terminated by other getUpdates request; make sure that only one bot instance is running
	at org.telegram.telegrambots.meta.api.methods.PartialBotApiMethod.deserializeResponseInternal(PartialBotApiMethod.java:54)
	at org.telegram.telegrambots.meta.api.methods.PartialBotApiMethod.deserializeResponseArray(PartialBotApiMethod.java:39)
	at org.telegram.telegrambots.meta.api.methods.updates.GetUpdates.deserializeResponse(GetUpdates.java:83)
	at org.telegram.telegrambots.updatesreceivers.DefaultBotSession$ReaderThread.getUpdatesFromServer(DefaultBotSession.java:258)
	at org.telegram.telegrambots.updatesreceivers.DefaultBotSession$ReaderThread.run(DefaultBotSession.java:188)
2026-04-27 15:00:37 ERROR [o.t.t.u.DefaultBotSession] — Error executing org.telegram.telegrambots.meta.api.methods.updates.GetUpdates query: [409] Conflict: terminated by other getUpdates request; make sure that only one bot instance is running
org.telegram.telegrambots.meta.exceptions.TelegramApiRequestException: Error executing org.telegram.telegrambots.meta.api.methods.updates.GetUpdates query: [409] Conflict: terminated by other getUpdates request; make sure that only one bot instance is running
	at org.telegram.telegrambots.meta.api.methods.PartialBotApiMethod.deserializeResponseInternal(PartialBotApiMethod.java:54)
	at org.telegram.telegrambots.meta.api.methods.PartialBotApiMethod.deserializeResponseArray(PartialBotApiMethod.java:39)
	at org.telegram.telegrambots.meta.api.methods.updates.GetUpdates.deserializeResponse(GetUpdates.java:83)
	at org.telegram.telegrambots.updatesreceivers.DefaultBotSession$ReaderThread.getUpdatesFromServer(DefaultBotSession.java:258)
	at org.telegram.telegrambots.updatesreceivers.DefaultBotSession$ReaderThread.run(DefaultBotSession.java:188)
2026-04-27 15:00:38 ERROR [o.t.t.u.DefaultBotSession] — Error executing org.telegram.telegrambots.meta.api.methods.updates.GetUpdates query: [409] Conflict: terminated by other getUpdates request; make sure that only one bot instance is running
org.telegram.telegrambots.meta.exceptions.TelegramApiRequestException: Error executing org.telegram.telegrambots.meta.api.methods.updates.GetUpdates query: [409] Conflict: terminated by other getUpdates request; make sure that only one bot instance is running
	at org.telegram.telegrambots.meta.api.methods.PartialBotApiMethod.deserializeResponseInternal(PartialBotApiMethod.java:54)
	at org.telegram.telegrambots.meta.api.methods.PartialBotApiMethod.deserializeResponseArray(PartialBotApiMethod.java:39)
	at org.telegram.telegrambots.meta.api.methods.updates.GetUpdates.deserializeResponse(GetUpdates.java:83)
	at org.telegram.telegrambots.updatesreceivers.DefaultBotSession$ReaderThread.getUpdatesFromServer(DefaultBotSession.java:258)
	at org.telegram.telegrambots.updatesreceivers.DefaultBotSession$ReaderThread.run(DefaultBotSession.java:188)
2026-04-27 15:00:42 ERROR [o.t.t.u.DefaultBotSession] — Error executing org.telegram.telegrambots.meta.api.methods.updates.GetUpdates query: [409] Conflict: terminated by other getUpdates request; make sure that only one bot instance is running
org.telegram.telegrambots.meta.exceptions.TelegramApiRequestException: Error executing org.telegram.telegrambots.meta.api.methods.updates.GetUpdates query: [409] Conflict: terminated by other getUpdates request; make sure that only one bot instance is running
	at org.telegram.telegrambots.meta.api.methods.PartialBotApiMethod.deserializeResponseInternal(PartialBotApiMethod.java:54)
	at org.telegram.telegrambots.meta.api.methods.PartialBotApiMethod.deserializeResponseArray(PartialBotApiMethod.java:39)
	at org.telegram.telegrambots.meta.api.methods.updates.GetUpdates.deserializeResponse(GetUpdates.java:83)
	at org.telegram.telegrambots.updatesreceivers.DefaultBotSession$ReaderThread.getUpdatesFromServer(DefaultBotSession.java:258)
	at org.telegram.telegrambots.updatesreceivers.DefaultBotSession$ReaderThread.run(DefaultBotSession.java:188)
2026-04-27 15:00:42 ERROR [o.t.t.u.DefaultBotSession] — Error executing org.telegram.telegrambots.meta.api.methods.updates.GetUpdates query: [409] Conflict: terminated by other getUpdates request; make sure that only one bot instance is running
org.telegram.telegrambots.meta.exceptions.TelegramApiRequestException: Error executing org.telegram.telegrambots.meta.api.methods.updates.GetUpdates query: [409] Conflict: terminated by other getUpdates request; make sure that only one bot instance is running
	at org.telegram.telegrambots.meta.api.methods.PartialBotApiMethod.deserializeResponseInternal(PartialBotApiMethod.java:54)
	at org.telegram.telegrambots.meta.api.methods.PartialBotApiMethod.deserializeResponseArray(PartialBotApiMethod.java:39)
	at org.telegram.telegrambots.meta.api.methods.updates.GetUpdates.deserializeResponse(GetUpdates.java:83)
	at org.telegram.telegrambots.updatesreceivers.DefaultBotSession$ReaderThread.getUpdatesFromServer(DefaultBotSession.java:258)
	at org.telegram.telegrambots.updatesreceivers.DefaultBotSession$ReaderThread.run(DefaultBotSession.java:188)
2026-04-27 15:00:46 ERROR [o.t.t.u.DefaultBotSession] — Error executing org.telegram.telegrambots.meta.api.methods.updates.GetUpdates query: [409] Conflict: terminated by other getUpdates request; make sure that only one bot instance is running
org.telegram.telegrambots.meta.exceptions.TelegramApiRequestException: Error executing org.telegram.telegrambots.meta.api.methods.updates.GetUpdates query: [409] Conflict: terminated by other getUpdates request; make sure that only one bot instance is running
	at org.telegram.telegrambots.meta.api.methods.PartialBotApiMethod.deserializeResponseInternal(PartialBotApiMethod.java:54)
	at org.telegram.telegrambots.meta.api.methods.PartialBotApiMethod.deserializeResponseArray(PartialBotApiMethod.java:39)
	at org.telegram.telegrambots.meta.api.methods.updates.GetUpdates.deserializeResponse(GetUpdates.java:83)
	at org.telegram.telegrambots.updatesreceivers.DefaultBotSession$ReaderThread.getUpdatesFromServer(DefaultBotSession.java:258)
	at org.telegram.telegrambots.updatesreceivers.DefaultBotSession$ReaderThread.run(DefaultBotSession.java:188)
2026-04-27 15:00:46 ERROR [o.t.t.u.DefaultBotSession] — Error executing org.telegram.telegrambots.meta.api.methods.updates.GetUpdates query: [409] Conflict: terminated by other getUpdates request; make sure that only one bot instance is running
org.telegram.telegrambots.meta.exceptions.TelegramApiRequestException: Error executing org.telegram.telegrambots.meta.api.methods.updates.GetUpdates query: [409] Conflict: terminated by other getUpdates request; make sure that only one bot instance is running
	at org.telegram.telegrambots.meta.api.methods.PartialBotApiMethod.deserializeResponseInternal(PartialBotApiMethod.java:54)
	at org.telegram.telegrambots.meta.api.methods.PartialBotApiMethod.deserializeResponseArray(PartialBotApiMethod.java:39)
	at org.telegram.telegrambots.meta.api.methods.updates.GetUpdates.deserializeResponse(GetUpdates.java:83)
	at org.telegram.telegrambots.updatesreceivers.DefaultBotSession$ReaderThread.getUpdatesFromServer(DefaultBotSession.java:258)
	at org.telegram.telegrambots.updatesreceivers.DefaultBotSession$ReaderThread.run(DefaultBotSession.java:188)
2026-04-27 15:00:50 ERROR [o.t.t.u.DefaultBotSession] — Error executing org.telegram.telegrambots.meta.api.methods.updates.GetUpdates query: [409] Conflict: terminated by other getUpdates request; make sure that only one bot instance is running
org.telegram.telegrambots.meta.exceptions.TelegramApiRequestException: Error executing org.telegram.telegrambots.meta.api.methods.updates.GetUpdates query: [409] Conflict: terminated by other getUpdates request; make sure that only one bot instance is running
	at org.telegram.telegrambots.meta.api.methods.PartialBotApiMethod.deserializeResponseInternal(PartialBotApiMethod.java:54)
	at org.telegram.telegrambots.meta.api.methods.PartialBotApiMethod.deserializeResponseArray(PartialBotApiMethod.java:39)
	at org.telegram.telegrambots.meta.api.methods.updates.GetUpdates.deserializeResponse(GetUpdates.java:83)
	at org.telegram.telegrambots.updatesreceivers.DefaultBotSession$ReaderThread.getUpdatesFromServer(DefaultBotSession.java:258)
	at org.telegram.telegrambots.updatesreceivers.DefaultBotSession$ReaderThread.run(DefaultBotSession.java:188)
2026-04-27 15:00:51 ERROR [o.t.t.u.DefaultBotSession] — Error executing org.telegram.telegrambots.meta.api.methods.updates.GetUpdates query: [409] Conflict: terminated by other getUpdates request; make sure that only one bot instance is running
org.telegram.telegrambots.meta.exceptions.TelegramApiRequestException: Error executing org.telegram.telegrambots.meta.api.methods.updates.GetUpdates query: [409] Conflict: terminated by other getUpdates request; make sure that only one bot instance is running
	at org.telegram.telegrambots.meta.api.methods.PartialBotApiMethod.deserializeResponseInternal(PartialBotApiMethod.java:54)
	at org.telegram.telegrambots.meta.api.methods.PartialBotApiMethod.deserializeResponseArray(PartialBotApiMethod.java:39)
	at org.telegram.telegrambots.meta.api.methods.updates.GetUpdates.deserializeResponse(GetUpdates.java:83)
	at org.telegram.telegrambots.updatesreceivers.DefaultBotSession$ReaderThread.getUpdatesFromServer(DefaultBotSession.java:258)
	at org.telegram.telegrambots.updatesreceivers.DefaultBotSession$ReaderThread.run(DefaultBotSession.java:188)
2026-04-27 15:00:54 ERROR [o.t.t.u.DefaultBotSession] — Error executing org.telegram.telegrambots.meta.api.methods.updates.GetUpdates query: [409] Conflict: terminated by other getUpdates request; make sure that only one bot instance is running
org.telegram.telegrambots.meta.exceptions.TelegramApiRequestException: Error executing org.telegram.telegrambots.meta.api.methods.updates.GetUpdates query: [409] Conflict: terminated by other getUpdates request; make sure that only one bot instance is running
	at org.telegram.telegrambots.meta.api.methods.PartialBotApiMethod.deserializeResponseInternal(PartialBotApiMethod.java:54)
	at org.telegram.telegrambots.meta.api.methods.PartialBotApiMethod.deserializeResponseArray(PartialBotApiMethod.java:39)
	at org.telegram.telegrambots.meta.api.methods.updates.GetUpdates.deserializeResponse(GetUpdates.java:83)
	at org.telegram.telegrambots.updatesreceivers.DefaultBotSession$ReaderThread.getUpdatesFromServer(DefaultBotSession.java:258)
	at org.telegram.telegrambots.updatesreceivers.DefaultBotSession$ReaderThread.run(DefaultBotSession.java:188)
2026-04-27 15:00:55 ERROR [o.t.t.u.DefaultBotSession] — Error executing org.telegram.telegrambots.meta.api.methods.updates.GetUpdates query: [409] Conflict: terminated by other getUpdates request; make sure that only one bot instance is running
org.telegram.telegrambots.meta.exceptions.TelegramApiRequestException: Error executing org.telegram.telegrambots.meta.api.methods.updates.GetUpdates query: [409] Conflict: terminated by other getUpdates request; make sure that only one bot instance is running
	at org.telegram.telegrambots.meta.api.methods.PartialBotApiMethod.deserializeResponseInternal(PartialBotApiMethod.java:54)
	at org.telegram.telegrambots.meta.api.methods.PartialBotApiMethod.deserializeResponseArray(PartialBotApiMethod.java:39)
	at org.telegram.telegrambots.meta.api.methods.updates.GetUpdates.deserializeResponse(GetUpdates.java:83)
	at org.telegram.telegrambots.updatesreceivers.DefaultBotSession$ReaderThread.getUpdatesFromServer(DefaultBotSession.java:258)
	at org.telegram.telegrambots.updatesreceivers.DefaultBotSession$ReaderThread.run(DefaultBotSession.java:188)
2026-04-27 15:00:59 ERROR [o.t.t.u.DefaultBotSession] — Error executing org.telegram.telegrambots.meta.api.methods.updates.GetUpdates query: [409] Conflict: terminated by other getUpdates request; make sure that only one bot instance is running
org.telegram.telegrambots.meta.exceptions.TelegramApiRequestException: Error executing org.telegram.telegrambots.meta.api.methods.updates.GetUpdates query: [409] Conflict: terminated by other getUpdates request; make sure that only one bot instance is running
	at org.telegram.telegrambots.meta.api.methods.PartialBotApiMethod.deserializeResponseInternal(PartialBotApiMethod.java:54)
	at org.telegram.telegrambots.meta.api.methods.PartialBotApiMethod.deserializeResponseArray(PartialBotApiMethod.java:39)
	at org.telegram.telegrambots.meta.api.methods.updates.GetUpdates.deserializeResponse(GetUpdates.java:83)
	at org.telegram.telegrambots.updatesreceivers.DefaultBotSession$ReaderThread.getUpdatesFromServer(DefaultBotSession.java:258)
	at org.telegram.telegrambots.updatesreceivers.DefaultBotSession$ReaderThread.run(DefaultBotSession.java:188)
2026-04-27 15:00:59 ERROR [o.t.t.u.DefaultBotSession] — Error executing org.telegram.telegrambots.meta.api.methods.updates.GetUpdates query: [409] Conflict: terminated by other getUpdates request; make sure that only one bot instance is running
org.telegram.telegrambots.meta.exceptions.TelegramApiRequestException: Error executing org.telegram.telegrambots.meta.api.methods.updates.GetUpdates query: [409] Conflict: terminated by other getUpdates request; make sure that only one bot instance is running
	at org.telegram.telegrambots.meta.api.methods.PartialBotApiMethod.deserializeResponseInternal(PartialBotApiMethod.java:54)
	at org.telegram.telegrambots.meta.api.methods.PartialBotApiMethod.deserializeResponseArray(PartialBotApiMethod.java:39)
	at org.telegram.telegrambots.meta.api.methods.updates.GetUpdates.deserializeResponse(GetUpdates.java:83)
	at org.telegram.telegrambots.updatesreceivers.DefaultBotSession$ReaderThread.getUpdatesFromServer(DefaultBotSession.java:258)
	at org.telegram.telegrambots.updatesreceivers.DefaultBotSession$ReaderThread.run(DefaultBotSession.java:188)
2026-04-27 15:01:03 ERROR [o.t.t.u.DefaultBotSession] — Error executing org.telegram.telegrambots.meta.api.methods.updates.GetUpdates query: [409] Conflict: terminated by other getUpdates request; make sure that only one bot instance is running
org.telegram.telegrambots.meta.exceptions.TelegramApiRequestException: Error executing org.telegram.telegrambots.meta.api.methods.updates.GetUpdates query: [409] Conflict: terminated by other getUpdates request; make sure that only one bot instance is running
	at org.telegram.telegrambots.meta.api.methods.PartialBotApiMethod.deserializeResponseInternal(PartialBotApiMethod.java:54)
	at org.telegram.telegrambots.meta.api.methods.PartialBotApiMethod.deserializeResponseArray(PartialBotApiMethod.java:39)
	at org.telegram.telegrambots.meta.api.methods.updates.GetUpdates.deserializeResponse(GetUpdates.java:83)
	at org.telegram.telegrambots.updatesreceivers.DefaultBotSession$ReaderThread.getUpdatesFromServer(DefaultBotSession.java:258)
	at org.telegram.telegrambots.updatesreceivers.DefaultBotSession$ReaderThread.run(DefaultBotSession.java:188)
2026-04-27 15:01:04 ERROR [o.t.t.u.DefaultBotSession] — Error executing org.telegram.telegrambots.meta.api.methods.updates.GetUpdates query: [409] Conflict: terminated by other getUpdates request; make sure that only one bot instance is running
org.telegram.telegrambots.meta.exceptions.TelegramApiRequestException: Error executing org.telegram.telegrambots.meta.api.methods.updates.GetUpdates query: [409] Conflict: terminated by other getUpdates request; make sure that only one bot instance is running
	at org.telegram.telegrambots.meta.api.methods.PartialBotApiMethod.deserializeResponseInternal(PartialBotApiMethod.java:54)
	at org.telegram.telegrambots.meta.api.methods.PartialBotApiMethod.deserializeResponseArray(PartialBotApiMethod.java:39)
	at org.telegram.telegrambots.meta.api.methods.updates.GetUpdates.deserializeResponse(GetUpdates.java:83)
	at org.telegram.telegrambots.updatesreceivers.DefaultBotSession$ReaderThread.getUpdatesFromServer(DefaultBotSession.java:258)
	at org.telegram.telegrambots.updatesreceivers.DefaultBotSession$ReaderThread.run(DefaultBotSession.java:188)
2026-04-27 15:01:07 ERROR [o.t.t.u.DefaultBotSession] — Error executing org.telegram.telegrambots.meta.api.methods.updates.GetUpdates query: [409] Conflict: terminated by other getUpdates request; make sure that only one bot instance is running
org.telegram.telegrambots.meta.exceptions.TelegramApiRequestException: Error executing org.telegram.telegrambots.meta.api.methods.updates.GetUpdates query: [409] Conflict: terminated by other getUpdates request; make sure that only one bot instance is running
	at org.telegram.telegrambots.meta.api.methods.PartialBotApiMethod.deserializeResponseInternal(PartialBotApiMethod.java:54)
	at org.telegram.telegrambots.meta.api.methods.PartialBotApiMethod.deserializeResponseArray(PartialBotApiMethod.java:39)
	at org.telegram.telegrambots.meta.api.methods.updates.GetUpdates.deserializeResponse(GetUpdates.java:83)
	at org.telegram.telegrambots.updatesreceivers.DefaultBotSession$ReaderThread.getUpdatesFromServer(DefaultBotSession.java:258)
	at org.telegram.telegrambots.updatesreceivers.DefaultBotSession$ReaderThread.run(DefaultBotSession.java:188)
2026-04-27 15:01:08 ERROR [o.t.t.u.DefaultBotSession] — Error executing org.telegram.telegrambots.meta.api.methods.updates.GetUpdates query: [409] Conflict: terminated by other getUpdates request; make sure that only one bot instance is running
org.telegram.telegrambots.meta.exceptions.TelegramApiRequestException: Error executing org.telegram.telegrambots.meta.api.methods.updates.GetUpdates query: [409] Conflict: terminated by other getUpdates request; make sure that only one bot instance is running
	at org.telegram.telegrambots.meta.api.methods.PartialBotApiMethod.deserializeResponseInternal(PartialBotApiMethod.java:54)
	at org.telegram.telegrambots.meta.api.methods.PartialBotApiMethod.deserializeResponseArray(PartialBotApiMethod.java:39)
	at org.telegram.telegrambots.meta.api.methods.updates.GetUpdates.deserializeResponse(GetUpdates.java:83)
	at org.telegram.telegrambots.updatesreceivers.DefaultBotSession$ReaderThread.getUpdatesFromServer(DefaultBotSession.java:258)
	at org.telegram.telegrambots.updatesreceivers.DefaultBotSession$ReaderThread.run(DefaultBotSession.java:188)
2026-04-27 15:01:12 ERROR [o.t.t.u.DefaultBotSession] — Error executing org.telegram.telegrambots.meta.api.methods.updates.GetUpdates query: [409] Conflict: terminated by other getUpdates request; make sure that only one bot instance is running
org.telegram.telegrambots.meta.exceptions.TelegramApiRequestException: Error executing org.telegram.telegrambots.meta.api.methods.updates.GetUpdates query: [409] Conflict: terminated by other getUpdates request; make sure that only one bot instance is running
	at org.telegram.telegrambots.meta.api.methods.PartialBotApiMethod.deserializeResponseInternal(PartialBotApiMethod.java:54)
	at org.telegram.telegrambots.meta.api.methods.PartialBotApiMethod.deserializeResponseArray(PartialBotApiMethod.java:39)
	at org.telegram.telegrambots.meta.api.methods.updates.GetUpdates.deserializeResponse(GetUpdates.java:83)
	at org.telegram.telegrambots.updatesreceivers.DefaultBotSession$ReaderThread.getUpdatesFromServer(DefaultBotSession.java:258)
	at org.telegram.telegrambots.updatesreceivers.DefaultBotSession$ReaderThread.run(DefaultBotSession.java:188)
2026-04-27 15:01:12 ERROR [o.t.t.u.DefaultBotSession] — Error executing org.telegram.telegrambots.meta.api.methods.updates.GetUpdates query: [409] Conflict: terminated by other getUpdates request; make sure that only one bot instance is running
org.telegram.telegrambots.meta.exceptions.TelegramApiRequestException: Error executing org.telegram.telegrambots.meta.api.methods.updates.GetUpdates query: [409] Conflict: terminated by other getUpdates request; make sure that only one bot instance is running
	at org.telegram.telegrambots.meta.api.methods.PartialBotApiMethod.deserializeResponseInternal(PartialBotApiMethod.java:54)
	at org.telegram.telegrambots.meta.api.methods.PartialBotApiMethod.deserializeResponseArray(PartialBotApiMethod.java:39)
	at org.telegram.telegrambots.meta.api.methods.updates.GetUpdates.deserializeResponse(GetUpdates.java:83)
	at org.telegram.telegrambots.updatesreceivers.DefaultBotSession$ReaderThread.getUpdatesFromServer(DefaultBotSession.java:258)
	at org.telegram.telegrambots.updatesreceivers.DefaultBotSession$ReaderThread.run(DefaultBotSession.java:188)
2026-04-27 15:01:16 ERROR [o.t.t.u.DefaultBotSession] — Error executing org.telegram.telegrambots.meta.api.methods.updates.GetUpdates query: [409] Conflict: terminated by other getUpdates request; make sure that only one bot instance is running
org.telegram.telegrambots.meta.exceptions.TelegramApiRequestException: Error executing org.telegram.telegrambots.meta.api.methods.updates.GetUpdates query: [409] Conflict: terminated by other getUpdates request; make sure that only one bot instance is running
	at org.telegram.telegrambots.meta.api.methods.PartialBotApiMethod.deserializeResponseInternal(PartialBotApiMethod.java:54)
	at org.telegram.telegrambots.meta.api.methods.PartialBotApiMethod.deserializeResponseArray(PartialBotApiMethod.java:39)
	at org.telegram.telegrambots.meta.api.methods.updates.GetUpdates.deserializeResponse(GetUpdates.java:83)
	at org.telegram.telegrambots.updatesreceivers.DefaultBotSession$ReaderThread.getUpdatesFromServer(DefaultBotSession.java:258)
	at org.telegram.telegrambots.updatesreceivers.DefaultBotSession$ReaderThread.run(DefaultBotSession.java:188)
2026-04-27 15:01:17 ERROR [o.t.t.u.DefaultBotSession] — Error executing org.telegram.telegrambots.meta.api.methods.updates.GetUpdates query: [409] Conflict: terminated by other getUpdates request; make sure that only one bot instance is running
org.telegram.telegrambots.meta.exceptions.TelegramApiRequestException: Error executing org.telegram.telegrambots.meta.api.methods.updates.GetUpdates query: [409] Conflict: terminated by other getUpdates request; make sure that only one bot instance is running
	at org.telegram.telegrambots.meta.api.methods.PartialBotApiMethod.deserializeResponseInternal(PartialBotApiMethod.java:54)
	at org.telegram.telegrambots.meta.api.methods.PartialBotApiMethod.deserializeResponseArray(PartialBotApiMethod.java:39)
	at org.telegram.telegrambots.meta.api.methods.updates.GetUpdates.deserializeResponse(GetUpdates.java:83)
	at org.telegram.telegrambots.updatesreceivers.DefaultBotSession$ReaderThread.getUpdatesFromServer(DefaultBotSession.java:258)
	at org.telegram.telegrambots.updatesreceivers.DefaultBotSession$ReaderThread.run(DefaultBotSession.java:188)
2026-04-27 15:01:20 ERROR [o.t.t.u.DefaultBotSession] — Error executing org.telegram.telegrambots.meta.api.methods.updates.GetUpdates query: [409] Conflict: terminated by other getUpdates request; make sure that only one bot instance is running
org.telegram.telegrambots.meta.exceptions.TelegramApiRequestException: Error executing org.telegram.telegrambots.meta.api.methods.updates.GetUpdates query: [409] Conflict: terminated by other getUpdates request; make sure that only one bot instance is running
	at org.telegram.telegrambots.meta.api.methods.PartialBotApiMethod.deserializeResponseInternal(PartialBotApiMethod.java:54)
	at org.telegram.telegrambots.meta.api.methods.PartialBotApiMethod.deserializeResponseArray(PartialBotApiMethod.java:39)
	at org.telegram.telegrambots.meta.api.methods.updates.GetUpdates.deserializeResponse(GetUpdates.java:83)
	at org.telegram.telegrambots.updatesreceivers.DefaultBotSession$ReaderThread.getUpdatesFromServer(DefaultBotSession.java:258)
	at org.telegram.telegrambots.updatesreceivers.DefaultBotSession$ReaderThread.run(DefaultBotSession.java:188)
2026-04-27 15:01:21 ERROR [o.t.t.u.DefaultBotSession] — Error executing org.telegram.telegrambots.meta.api.methods.updates.GetUpdates query: [409] Conflict: terminated by other getUpdates request; make sure that only one bot instance is running
org.telegram.telegrambots.meta.exceptions.TelegramApiRequestException: Error executing org.telegram.telegrambots.meta.api.methods.updates.GetUpdates query: [409] Conflict: terminated by other getUpdates request; make sure that only one bot instance is running
	at org.telegram.telegrambots.meta.api.methods.PartialBotApiMethod.deserializeResponseInternal(PartialBotApiMethod.java:54)
	at org.telegram.telegrambots.meta.api.methods.PartialBotApiMethod.deserializeResponseArray(PartialBotApiMethod.java:39)
	at org.telegram.telegrambots.meta.api.methods.updates.GetUpdates.deserializeResponse(GetUpdates.java:83)
	at org.telegram.telegrambots.updatesreceivers.DefaultBotSession$ReaderThread.getUpdatesFromServer(DefaultBotSession.java:258)
	at org.telegram.telegrambots.updatesreceivers.DefaultBotSession$ReaderThread.run(DefaultBotSession.java:188)
2026-04-27 15:01:25 ERROR [o.t.t.u.DefaultBotSession] — Error executing org.telegram.telegrambots.meta.api.methods.updates.GetUpdates query: [409] Conflict: terminated by other getUpdates request; make sure that only one bot instance is running
org.telegram.telegrambots.meta.exceptions.TelegramApiRequestException: Error executing org.telegram.telegrambots.meta.api.methods.updates.GetUpdates query: [409] Conflict: terminated by other getUpdates request; make sure that only one bot instance is running
	at org.telegram.telegrambots.meta.api.methods.PartialBotApiMethod.deserializeResponseInternal(PartialBotApiMethod.java:54)
	at org.telegram.telegrambots.meta.api.methods.PartialBotApiMethod.deserializeResponseArray(PartialBotApiMethod.java:39)
	at org.telegram.telegrambots.meta.api.methods.updates.GetUpdates.deserializeResponse(GetUpdates.java:83)
	at org.telegram.telegrambots.updatesreceivers.DefaultBotSession$ReaderThread.getUpdatesFromServer(DefaultBotSession.java:258)
	at org.telegram.telegrambots.updatesreceivers.DefaultBotSession$ReaderThread.run(DefaultBotSession.java:188)
2026-04-27 15:01:25 ERROR [o.t.t.u.DefaultBotSession] — Error executing org.telegram.telegrambots.meta.api.methods.updates.GetUpdates query: [409] Conflict: terminated by other getUpdates request; make sure that only one bot instance is running
org.telegram.telegrambots.meta.exceptions.TelegramApiRequestException: Error executing org.telegram.telegrambots.meta.api.methods.updates.GetUpdates query: [409] Conflict: terminated by other getUpdates request; make sure that only one bot instance is running
	at org.telegram.telegrambots.meta.api.methods.PartialBotApiMethod.deserializeResponseInternal(PartialBotApiMethod.java:54)
	at org.telegram.telegrambots.meta.api.methods.PartialBotApiMethod.deserializeResponseArray(PartialBotApiMethod.java:39)
	at org.telegram.telegrambots.meta.api.methods.updates.GetUpdates.deserializeResponse(GetUpdates.java:83)
	at org.telegram.telegrambots.updatesreceivers.DefaultBotSession$ReaderThread.getUpdatesFromServer(DefaultBotSession.java:258)
	at org.telegram.telegrambots.updatesreceivers.DefaultBotSession$ReaderThread.run(DefaultBotSession.java:188)
2026-04-27 15:01:29 ERROR [o.t.t.u.DefaultBotSession] — Error executing org.telegram.telegrambots.meta.api.methods.updates.GetUpdates query: [409] Conflict: terminated by other getUpdates request; make sure that only one bot instance is running
org.telegram.telegrambots.meta.exceptions.TelegramApiRequestException: Error executing org.telegram.telegrambots.meta.api.methods.updates.GetUpdates query: [409] Conflict: terminated by other getUpdates request; make sure that only one bot instance is running
	at org.telegram.telegrambots.meta.api.methods.PartialBotApiMethod.deserializeResponseInternal(PartialBotApiMethod.java:54)
	at org.telegram.telegrambots.meta.api.methods.PartialBotApiMethod.deserializeResponseArray(PartialBotApiMethod.java:39)
	at org.telegram.telegrambots.meta.api.methods.updates.GetUpdates.deserializeResponse(GetUpdates.java:83)
	at org.telegram.telegrambots.updatesreceivers.DefaultBotSession$ReaderThread.getUpdatesFromServer(DefaultBotSession.java:258)
	at org.telegram.telegrambots.updatesreceivers.DefaultBotSession$ReaderThread.run(DefaultBotSession.java:188)
2026-04-27 15:01:30 ERROR [o.t.t.u.DefaultBotSession] — Error executing org.telegram.telegrambots.meta.api.methods.updates.GetUpdates query: [409] Conflict: terminated by other getUpdates request; make sure that only one bot instance is running
org.telegram.telegrambots.meta.exceptions.TelegramApiRequestException: Error executing org.telegram.telegrambots.meta.api.methods.updates.GetUpdates query: [409] Conflict: terminated by other getUpdates request; make sure that only one bot instance is running
	at org.telegram.telegrambots.meta.api.methods.PartialBotApiMethod.deserializeResponseInternal(PartialBotApiMethod.java:54)
	at org.telegram.telegrambots.meta.api.methods.PartialBotApiMethod.deserializeResponseArray(PartialBotApiMethod.java:39)
	at org.telegram.telegrambots.meta.api.methods.updates.GetUpdates.deserializeResponse(GetUpdates.java:83)
	at org.telegram.telegrambots.updatesreceivers.DefaultBotSession$ReaderThread.getUpdatesFromServer(DefaultBotSession.java:258)
	at org.telegram.telegrambots.updatesreceivers.DefaultBotSession$ReaderThread.run(DefaultBotSession.java:188)
2026-04-27 15:01:34 ERROR [o.t.t.u.DefaultBotSession] — Error executing org.telegram.telegrambots.meta.api.methods.updates.GetUpdates query: [409] Conflict: terminated by other getUpdates request; make sure that only one bot instance is running
org.telegram.telegrambots.meta.exceptions.TelegramApiRequestException: Error executing org.telegram.telegrambots.meta.api.methods.updates.GetUpdates query: [409] Conflict: terminated by other getUpdates request; make sure that only one bot instance is running
	at org.telegram.telegrambots.meta.api.methods.PartialBotApiMethod.deserializeResponseInternal(PartialBotApiMethod.java:54)
	at org.telegram.telegrambots.meta.api.methods.PartialBotApiMethod.deserializeResponseArray(PartialBotApiMethod.java:39)
	at org.telegram.telegrambots.meta.api.methods.updates.GetUpdates.deserializeResponse(GetUpdates.java:83)
	at org.telegram.telegrambots.updatesreceivers.DefaultBotSession$ReaderThread.getUpdatesFromServer(DefaultBotSession.java:258)
	at org.telegram.telegrambots.updatesreceivers.DefaultBotSession$ReaderThread.run(DefaultBotSession.java:188)
2026-04-27 15:01:34 ERROR [o.t.t.u.DefaultBotSession] — Error executing org.telegram.telegrambots.meta.api.methods.updates.GetUpdates query: [409] Conflict: terminated by other getUpdates request; make sure that only one bot instance is running
org.telegram.telegrambots.meta.exceptions.TelegramApiRequestException: Error executing org.telegram.telegrambots.meta.api.methods.updates.GetUpdates query: [409] Conflict: terminated by other getUpdates request; make sure that only one bot instance is running
	at org.telegram.telegrambots.meta.api.methods.PartialBotApiMethod.deserializeResponseInternal(PartialBotApiMethod.java:54)
	at org.telegram.telegrambots.meta.api.methods.PartialBotApiMethod.deserializeResponseArray(PartialBotApiMethod.java:39)
	at org.telegram.telegrambots.meta.api.methods.updates.GetUpdates.deserializeResponse(GetUpdates.java:83)
	at org.telegram.telegrambots.updatesreceivers.DefaultBotSession$ReaderThread.getUpdatesFromServer(DefaultBotSession.java:258)
	at org.telegram.telegrambots.updatesreceivers.DefaultBotSession$ReaderThread.run(DefaultBotSession.java:188)
2026-04-27 15:01:38 ERROR [o.t.t.u.DefaultBotSession] — Error executing org.telegram.telegrambots.meta.api.methods.updates.GetUpdates query: [409] Conflict: terminated by other getUpdates request; make sure that only one bot instance is running
org.telegram.telegrambots.meta.exceptions.TelegramApiRequestException: Error executing org.telegram.telegrambots.meta.api.methods.updates.GetUpdates query: [409] Conflict: terminated by other getUpdates request; make sure that only one bot instance is running
	at org.telegram.telegrambots.meta.api.methods.PartialBotApiMethod.deserializeResponseInternal(PartialBotApiMethod.java:54)
	at org.telegram.telegrambots.meta.api.methods.PartialBotApiMethod.deserializeResponseArray(PartialBotApiMethod.java:39)
	at org.telegram.telegrambots.meta.api.methods.updates.GetUpdates.deserializeResponse(GetUpdates.java:83)
	at org.telegram.telegrambots.updatesreceivers.DefaultBotSession$ReaderThread.getUpdatesFromServer(DefaultBotSession.java:258)
	at org.telegram.telegrambots.updatesreceivers.DefaultBotSession$ReaderThread.run(DefaultBotSession.java:188)
2026-04-27 15:01:39 ERROR [o.t.t.u.DefaultBotSession] — Error executing org.telegram.telegrambots.meta.api.methods.updates.GetUpdates query: [409] Conflict: terminated by other getUpdates request; make sure that only one bot instance is running
org.telegram.telegrambots.meta.exceptions.TelegramApiRequestException: Error executing org.telegram.telegrambots.meta.api.methods.updates.GetUpdates query: [409] Conflict: terminated by other getUpdates request; make sure that only one bot instance is running
	at org.telegram.telegrambots.meta.api.methods.PartialBotApiMethod.deserializeResponseInternal(PartialBotApiMethod.java:54)
	at org.telegram.telegrambots.meta.api.methods.PartialBotApiMethod.deserializeResponseArray(PartialBotApiMethod.java:39)
	at org.telegram.telegrambots.meta.api.methods.updates.GetUpdates.deserializeResponse(GetUpdates.java:83)
	at org.telegram.telegrambots.updatesreceivers.DefaultBotSession$ReaderThread.getUpdatesFromServer(DefaultBotSession.java:258)
	at org.telegram.telegrambots.updatesreceivers.DefaultBotSession$ReaderThread.run(DefaultBotSession.java:188)
2026-04-27 15:01:42 ERROR [o.t.t.u.DefaultBotSession] — Error executing org.telegram.telegrambots.meta.api.methods.updates.GetUpdates query: [409] Conflict: terminated by other getUpdates request; make sure that only one bot instance is running
org.telegram.telegrambots.meta.exceptions.TelegramApiRequestException: Error executing org.telegram.telegrambots.meta.api.methods.updates.GetUpdates query: [409] Conflict: terminated by other getUpdates request; make sure that only one bot instance is running
	at org.telegram.telegrambots.meta.api.methods.PartialBotApiMethod.deserializeResponseInternal(PartialBotApiMethod.java:54)
	at org.telegram.telegrambots.meta.api.methods.PartialBotApiMethod.deserializeResponseArray(PartialBotApiMethod.java:39)
	at org.telegram.telegrambots.meta.api.methods.updates.GetUpdates.deserializeResponse(GetUpdates.java:83)
	at org.telegram.telegrambots.updatesreceivers.DefaultBotSession$ReaderThread.getUpdatesFromServer(DefaultBotSession.java:258)
	at org.telegram.telegrambots.updatesreceivers.DefaultBotSession$ReaderThread.run(DefaultBotSession.java:188)
2026-04-27 15:01:43 ERROR [o.t.t.u.DefaultBotSession] — Error executing org.telegram.telegrambots.meta.api.methods.updates.GetUpdates query: [409] Conflict: terminated by other getUpdates request; make sure that only one bot instance is running
org.telegram.telegrambots.meta.exceptions.TelegramApiRequestException: Error executing org.telegram.telegrambots.meta.api.methods.updates.GetUpdates query: [409] Conflict: terminated by other getUpdates request; make sure that only one bot instance is running
	at org.telegram.telegrambots.meta.api.methods.PartialBotApiMethod.deserializeResponseInternal(PartialBotApiMethod.java:54)
	at org.telegram.telegrambots.meta.api.methods.PartialBotApiMethod.deserializeResponseArray(PartialBotApiMethod.java:39)
	at org.telegram.telegrambots.meta.api.methods.updates.GetUpdates.deserializeResponse(GetUpdates.java:83)
	at org.telegram.telegrambots.updatesreceivers.DefaultBotSession$ReaderThread.getUpdatesFromServer(DefaultBotSession.java:258)
	at org.telegram.telegrambots.updatesreceivers.DefaultBotSession$ReaderThread.run(DefaultBotSession.java:188)
2026-04-27 15:01:47 ERROR [o.t.t.u.DefaultBotSession] — Error executing org.telegram.telegrambots.meta.api.methods.updates.GetUpdates query: [409] Conflict: terminated by other getUpdates request; make sure that only one bot instance is running
org.telegram.telegrambots.meta.exceptions.TelegramApiRequestException: Error executing org.telegram.telegrambots.meta.api.methods.updates.GetUpdates query: [409] Conflict: terminated by other getUpdates request; make sure that only one bot instance is running
	at org.telegram.telegrambots.meta.api.methods.PartialBotApiMethod.deserializeResponseInternal(PartialBotApiMethod.java:54)
	at org.telegram.telegrambots.meta.api.methods.PartialBotApiMethod.deserializeResponseArray(PartialBotApiMethod.java:39)
	at org.telegram.telegrambots.meta.api.methods.updates.GetUpdates.deserializeResponse(GetUpdates.java:83)
	at org.telegram.telegrambots.updatesreceivers.DefaultBotSession$ReaderThread.getUpdatesFromServer(DefaultBotSession.java:258)
	at org.telegram.telegrambots.updatesreceivers.DefaultBotSession$ReaderThread.run(DefaultBotSession.java:188)
2026-04-27 15:01:47 ERROR [o.t.t.u.DefaultBotSession] — Error executing org.telegram.telegrambots.meta.api.methods.updates.GetUpdates query: [409] Conflict: terminated by other getUpdates request; make sure that only one bot instance is running
org.telegram.telegrambots.meta.exceptions.TelegramApiRequestException: Error executing org.telegram.telegrambots.meta.api.methods.updates.GetUpdates query: [409] Conflict: terminated by other getUpdates request; make sure that only one bot instance is running
	at org.telegram.telegrambots.meta.api.methods.PartialBotApiMethod.deserializeResponseInternal(PartialBotApiMethod.java:54)
	at org.telegram.telegrambots.meta.api.methods.PartialBotApiMethod.deserializeResponseArray(PartialBotApiMethod.java:39)
	at org.telegram.telegrambots.meta.api.methods.updates.GetUpdates.deserializeResponse(GetUpdates.java:83)
	at org.telegram.telegrambots.updatesreceivers.DefaultBotSession$ReaderThread.getUpdatesFromServer(DefaultBotSession.java:258)
	at org.telegram.telegrambots.updatesreceivers.DefaultBotSession$ReaderThread.run(DefaultBotSession.java:188)
2026-04-27 15:01:51 ERROR [o.t.t.u.DefaultBotSession] — Error executing org.telegram.telegrambots.meta.api.methods.updates.GetUpdates query: [409] Conflict: terminated by other getUpdates request; make sure that only one bot instance is running
org.telegram.telegrambots.meta.exceptions.TelegramApiRequestException: Error executing org.telegram.telegrambots.meta.api.methods.updates.GetUpdates query: [409] Conflict: terminated by other getUpdates request; make sure that only one bot instance is running
	at org.telegram.telegrambots.meta.api.methods.PartialBotApiMethod.deserializeResponseInternal(PartialBotApiMethod.java:54)
	at org.telegram.telegrambots.meta.api.methods.PartialBotApiMethod.deserializeResponseArray(PartialBotApiMethod.java:39)
	at org.telegram.telegrambots.meta.api.methods.updates.GetUpdates.deserializeResponse(GetUpdates.java:83)
	at org.telegram.telegrambots.updatesreceivers.DefaultBotSession$ReaderThread.getUpdatesFromServer(DefaultBotSession.java:258)
	at org.telegram.telegrambots.updatesreceivers.DefaultBotSession$ReaderThread.run(DefaultBotSession.java:188)
2026-04-27 15:01:52 ERROR [o.t.t.u.DefaultBotSession] — Error executing org.telegram.telegrambots.meta.api.methods.updates.GetUpdates query: [409] Conflict: terminated by other getUpdates request; make sure that only one bot instance is running
org.telegram.telegrambots.meta.exceptions.TelegramApiRequestException: Error executing org.telegram.telegrambots.meta.api.methods.updates.GetUpdates query: [409] Conflict: terminated by other getUpdates request; make sure that only one bot instance is running
	at org.telegram.telegrambots.meta.api.methods.PartialBotApiMethod.deserializeResponseInternal(PartialBotApiMethod.java:54)
	at org.telegram.telegrambots.meta.api.methods.PartialBotApiMethod.deserializeResponseArray(PartialBotApiMethod.java:39)
	at org.telegram.telegrambots.meta.api.methods.updates.GetUpdates.deserializeResponse(GetUpdates.java:83)
	at org.telegram.telegrambots.updatesreceivers.DefaultBotSession$ReaderThread.getUpdatesFromServer(DefaultBotSession.java:258)
	at org.telegram.telegrambots.updatesreceivers.DefaultBotSession$ReaderThread.run(DefaultBotSession.java:188)
2026-04-27 15:01:55 ERROR [o.t.t.u.DefaultBotSession] — Error executing org.telegram.telegrambots.meta.api.methods.updates.GetUpdates query: [409] Conflict: terminated by other getUpdates request; make sure that only one bot instance is running
org.telegram.telegrambots.meta.exceptions.TelegramApiRequestException: Error executing org.telegram.telegrambots.meta.api.methods.updates.GetUpdates query: [409] Conflict: terminated by other getUpdates request; make sure that only one bot instance is running
	at org.telegram.telegrambots.meta.api.methods.PartialBotApiMethod.deserializeResponseInternal(PartialBotApiMethod.java:54)
	at org.telegram.telegrambots.meta.api.methods.PartialBotApiMethod.deserializeResponseArray(PartialBotApiMethod.java:39)
	at org.telegram.telegrambots.meta.api.methods.updates.GetUpdates.deserializeResponse(GetUpdates.java:83)
	at org.telegram.telegrambots.updatesreceivers.DefaultBotSession$ReaderThread.getUpdatesFromServer(DefaultBotSession.java:258)
	at org.telegram.telegrambots.updatesreceivers.DefaultBotSession$ReaderThread.run(DefaultBotSession.java:188)
2026-04-27 15:01:56 ERROR [o.t.t.u.DefaultBotSession] — Error executing org.telegram.telegrambots.meta.api.methods.updates.GetUpdates query: [409] Conflict: terminated by other getUpdates request; make sure that only one bot instance is running
org.telegram.telegrambots.meta.exceptions.TelegramApiRequestException: Error executing org.telegram.telegrambots.meta.api.methods.updates.GetUpdates query: [409] Conflict: terminated by other getUpdates request; make sure that only one bot instance is running
	at org.telegram.telegrambots.meta.api.methods.PartialBotApiMethod.deserializeResponseInternal(PartialBotApiMethod.java:54)
	at org.telegram.telegrambots.meta.api.methods.PartialBotApiMethod.deserializeResponseArray(PartialBotApiMethod.java:39)
	at org.telegram.telegrambots.meta.api.methods.updates.GetUpdates.deserializeResponse(GetUpdates.java:83)
	at org.telegram.telegrambots.updatesreceivers.DefaultBotSession$ReaderThread.getUpdatesFromServer(DefaultBotSession.java:258)
	at org.telegram.telegrambots.updatesreceivers.DefaultBotSession$ReaderThread.run(DefaultBotSession.java:188)
2026-04-27 15:02:00 ERROR [o.t.t.u.DefaultBotSession] — Error executing org.telegram.telegrambots.meta.api.methods.updates.GetUpdates query: [409] Conflict: terminated by other getUpdates request; make sure that only one bot instance is running
org.telegram.telegrambots.meta.exceptions.TelegramApiRequestException: Error executing org.telegram.telegrambots.meta.api.methods.updates.GetUpdates query: [409] Conflict: terminated by other getUpdates request; make sure that only one bot instance is running
	at org.telegram.telegrambots.meta.api.methods.PartialBotApiMethod.deserializeResponseInternal(PartialBotApiMethod.java:54)
	at org.telegram.telegrambots.meta.api.methods.PartialBotApiMethod.deserializeResponseArray(PartialBotApiMethod.java:39)
	at org.telegram.telegrambots.meta.api.methods.updates.GetUpdates.deserializeResponse(GetUpdates.java:83)
	at org.telegram.telegrambots.updatesreceivers.DefaultBotSession$ReaderThread.getUpdatesFromServer(DefaultBotSession.java:258)
	at org.telegram.telegrambots.updatesreceivers.DefaultBotSession$ReaderThread.run(DefaultBotSession.java:188)
2026-04-27 15:02:00 ERROR [o.t.t.u.DefaultBotSession] — Error executing org.telegram.telegrambots.meta.api.methods.updates.GetUpdates query: [409] Conflict: terminated by other getUpdates request; make sure that only one bot instance is running
org.telegram.telegrambots.meta.exceptions.TelegramApiRequestException: Error executing org.telegram.telegrambots.meta.api.methods.updates.GetUpdates query: [409] Conflict: terminated by other getUpdates request; make sure that only one bot instance is running
	at org.telegram.telegrambots.meta.api.methods.PartialBotApiMethod.deserializeResponseInternal(PartialBotApiMethod.java:54)
	at org.telegram.telegrambots.meta.api.methods.PartialBotApiMethod.deserializeResponseArray(PartialBotApiMethod.java:39)
	at org.telegram.telegrambots.meta.api.methods.updates.GetUpdates.deserializeResponse(GetUpdates.java:83)
	at org.telegram.telegrambots.updatesreceivers.DefaultBotSession$ReaderThread.getUpdatesFromServer(DefaultBotSession.java:258)
	at org.telegram.telegrambots.updatesreceivers.DefaultBotSession$ReaderThread.run(DefaultBotSession.java:188)
2026-04-27 15:02:04 ERROR [o.t.t.u.DefaultBotSession] — Error executing org.telegram.telegrambots.meta.api.methods.updates.GetUpdates query: [409] Conflict: terminated by other getUpdates request; make sure that only one bot instance is running
org.telegram.telegrambots.meta.exceptions.TelegramApiRequestException: Error executing org.telegram.telegrambots.meta.api.methods.updates.GetUpdates query: [409] Conflict: terminated by other getUpdates request; make sure that only one bot instance is running
	at org.telegram.telegrambots.meta.api.methods.PartialBotApiMethod.deserializeResponseInternal(PartialBotApiMethod.java:54)
	at org.telegram.telegrambots.meta.api.methods.PartialBotApiMethod.deserializeResponseArray(PartialBotApiMethod.java:39)
	at org.telegram.telegrambots.meta.api.methods.updates.GetUpdates.deserializeResponse(GetUpdates.java:83)
	at org.telegram.telegrambots.updatesreceivers.DefaultBotSession$ReaderThread.getUpdatesFromServer(DefaultBotSession.java:258)
	at org.telegram.telegrambots.updatesreceivers.DefaultBotSession$ReaderThread.run(DefaultBotSession.java:188)
2026-04-27 15:02:05 ERROR [o.t.t.u.DefaultBotSession] — Error executing org.telegram.telegrambots.meta.api.methods.updates.GetUpdates query: [409] Conflict: terminated by other getUpdates request; make sure that only one bot instance is running
org.telegram.telegrambots.meta.exceptions.TelegramApiRequestException: Error executing org.telegram.telegrambots.meta.api.methods.updates.GetUpdates query: [409] Conflict: terminated by other getUpdates request; make sure that only one bot instance is running
	at org.telegram.telegrambots.meta.api.methods.PartialBotApiMethod.deserializeResponseInternal(PartialBotApiMethod.java:54)
	at org.telegram.telegrambots.meta.api.methods.PartialBotApiMethod.deserializeResponseArray(PartialBotApiMethod.java:39)
	at org.telegram.telegrambots.meta.api.methods.updates.GetUpdates.deserializeResponse(GetUpdates.java:83)
	at org.telegram.telegrambots.updatesreceivers.DefaultBotSession$ReaderThread.getUpdatesFromServer(DefaultBotSession.java:258)
	at org.telegram.telegrambots.updatesreceivers.DefaultBotSession$ReaderThread.run(DefaultBotSession.java:188)
2026-04-27 15:02:08 ERROR [o.t.t.u.DefaultBotSession] — Error executing org.telegram.telegrambots.meta.api.methods.updates.GetUpdates query: [409] Conflict: terminated by other getUpdates request; make sure that only one bot instance is running
org.telegram.telegrambots.meta.exceptions.TelegramApiRequestException: Error executing org.telegram.telegrambots.meta.api.methods.updates.GetUpdates query: [409] Conflict: terminated by other getUpdates request; make sure that only one bot instance is running
	at org.telegram.telegrambots.meta.api.methods.PartialBotApiMethod.deserializeResponseInternal(PartialBotApiMethod.java:54)
	at org.telegram.telegrambots.meta.api.methods.PartialBotApiMethod.deserializeResponseArray(PartialBotApiMethod.java:39)
	at org.telegram.telegrambots.meta.api.methods.updates.GetUpdates.deserializeResponse(GetUpdates.java:83)
	at org.telegram.telegrambots.updatesreceivers.DefaultBotSession$ReaderThread.getUpdatesFromServer(DefaultBotSession.java:258)
	at org.telegram.telegrambots.updatesreceivers.DefaultBotSession$ReaderThread.run(DefaultBotSession.java:188)
2026-04-27 15:02:09 ERROR [o.t.t.u.DefaultBotSession] — Error executing org.telegram.telegrambots.meta.api.methods.updates.GetUpdates query: [409] Conflict: terminated by other getUpdates request; make sure that only one bot instance is running
org.telegram.telegrambots.meta.exceptions.TelegramApiRequestException: Error executing org.telegram.telegrambots.meta.api.methods.updates.GetUpdates query: [409] Conflict: terminated by other getUpdates request; make sure that only one bot instance is running
	at org.telegram.telegrambots.meta.api.methods.PartialBotApiMethod.deserializeResponseInternal(PartialBotApiMethod.java:54)
	at org.telegram.telegrambots.meta.api.methods.PartialBotApiMethod.deserializeResponseArray(PartialBotApiMethod.java:39)
	at org.telegram.telegrambots.meta.api.methods.updates.GetUpdates.deserializeResponse(GetUpdates.java:83)
	at org.telegram.telegrambots.updatesreceivers.DefaultBotSession$ReaderThread.getUpdatesFromServer(DefaultBotSession.java:258)
	at org.telegram.telegrambots.updatesreceivers.DefaultBotSession$ReaderThread.run(DefaultBotSession.java:188)
2026-04-27 15:02:13 ERROR [o.t.t.u.DefaultBotSession] — Error executing org.telegram.telegrambots.meta.api.methods.updates.GetUpdates query: [409] Conflict: terminated by other getUpdates request; make sure that only one bot instance is running
org.telegram.telegrambots.meta.exceptions.TelegramApiRequestException: Error executing org.telegram.telegrambots.meta.api.methods.updates.GetUpdates query: [409] Conflict: terminated by other getUpdates request; make sure that only one bot instance is running
	at org.telegram.telegrambots.meta.api.methods.PartialBotApiMethod.deserializeResponseInternal(PartialBotApiMethod.java:54)
	at org.telegram.telegrambots.meta.api.methods.PartialBotApiMethod.deserializeResponseArray(PartialBotApiMethod.java:39)
	at org.telegram.telegrambots.meta.api.methods.updates.GetUpdates.deserializeResponse(GetUpdates.java:83)
	at org.telegram.telegrambots.updatesreceivers.DefaultBotSession$ReaderThread.getUpdatesFromServer(DefaultBotSession.java:258)
	at org.telegram.telegrambots.updatesreceivers.DefaultBotSession$ReaderThread.run(DefaultBotSession.java:188)
2026-04-27 15:02:13 ERROR [o.t.t.u.DefaultBotSession] — Error executing org.telegram.telegrambots.meta.api.methods.updates.GetUpdates query: [409] Conflict: terminated by other getUpdates request; make sure that only one bot instance is running
org.telegram.telegrambots.meta.exceptions.TelegramApiRequestException: Error executing org.telegram.telegrambots.meta.api.methods.updates.GetUpdates query: [409] Conflict: terminated by other getUpdates request; make sure that only one bot instance is running
	at org.telegram.telegrambots.meta.api.methods.PartialBotApiMethod.deserializeResponseInternal(PartialBotApiMethod.java:54)
	at org.telegram.telegrambots.meta.api.methods.PartialBotApiMethod.deserializeResponseArray(PartialBotApiMethod.java:39)
	at org.telegram.telegrambots.meta.api.methods.updates.GetUpdates.deserializeResponse(GetUpdates.java:83)
	at org.telegram.telegrambots.updatesreceivers.DefaultBotSession$ReaderThread.getUpdatesFromServer(DefaultBotSession.java:258)
	at org.telegram.telegrambots.updatesreceivers.DefaultBotSession$ReaderThread.run(DefaultBotSession.java:188)
2026-04-27 15:02:17 ERROR [o.t.t.u.DefaultBotSession] — Error executing org.telegram.telegrambots.meta.api.methods.updates.GetUpdates query: [409] Conflict: terminated by other getUpdates request; make sure that only one bot instance is running
org.telegram.telegrambots.meta.exceptions.TelegramApiRequestException: Error executing org.telegram.telegrambots.meta.api.methods.updates.GetUpdates query: [409] Conflict: terminated by other getUpdates request; make sure that only one bot instance is running
	at org.telegram.telegrambots.meta.api.methods.PartialBotApiMethod.deserializeResponseInternal(PartialBotApiMethod.java:54)
	at org.telegram.telegrambots.meta.api.methods.PartialBotApiMethod.deserializeResponseArray(PartialBotApiMethod.java:39)
	at org.telegram.telegrambots.meta.api.methods.updates.GetUpdates.deserializeResponse(GetUpdates.java:83)
	at org.telegram.telegrambots.updatesreceivers.DefaultBotSession$ReaderThread.getUpdatesFromServer(DefaultBotSession.java:258)
	at org.telegram.telegrambots.updatesreceivers.DefaultBotSession$ReaderThread.run(DefaultBotSession.java:188)
2026-04-27 15:02:18 ERROR [o.t.t.u.DefaultBotSession] — Error executing org.telegram.telegrambots.meta.api.methods.updates.GetUpdates query: [409] Conflict: terminated by other getUpdates request; make sure that only one bot instance is running
org.telegram.telegrambots.meta.exceptions.TelegramApiRequestException: Error executing org.telegram.telegrambots.meta.api.methods.updates.GetUpdates query: [409] Conflict: terminated by other getUpdates request; make sure that only one bot instance is running
	at org.telegram.telegrambots.meta.api.methods.PartialBotApiMethod.deserializeResponseInternal(PartialBotApiMethod.java:54)
	at org.telegram.telegrambots.meta.api.methods.PartialBotApiMethod.deserializeResponseArray(PartialBotApiMethod.java:39)
	at org.telegram.telegrambots.meta.api.methods.updates.GetUpdates.deserializeResponse(GetUpdates.java:83)
	at org.telegram.telegrambots.updatesreceivers.DefaultBotSession$ReaderThread.getUpdatesFromServer(DefaultBotSession.java:258)
	at org.telegram.telegrambots.updatesreceivers.DefaultBotSession$ReaderThread.run(DefaultBotSession.java:188)
2026-04-27 15:02:21 ERROR [o.t.t.u.DefaultBotSession] — Error executing org.telegram.telegrambots.meta.api.methods.updates.GetUpdates query: [409] Conflict: terminated by other getUpdates request; make sure that only one bot instance is running
org.telegram.telegrambots.meta.exceptions.TelegramApiRequestException: Error executing org.telegram.telegrambots.meta.api.methods.updates.GetUpdates query: [409] Conflict: terminated by other getUpdates request; make sure that only one bot instance is running
	at org.telegram.telegrambots.meta.api.methods.PartialBotApiMethod.deserializeResponseInternal(PartialBotApiMethod.java:54)
	at org.telegram.telegrambots.meta.api.methods.PartialBotApiMethod.deserializeResponseArray(PartialBotApiMethod.java:39)
	at org.telegram.telegrambots.meta.api.methods.updates.GetUpdates.deserializeResponse(GetUpdates.java:83)
	at org.telegram.telegrambots.updatesreceivers.DefaultBotSession$ReaderThread.getUpdatesFromServer(DefaultBotSession.java:258)
	at org.telegram.telegrambots.updatesreceivers.DefaultBotSession$ReaderThread.run(DefaultBotSession.java:188)
2026-04-27 15:02:22 ERROR [o.t.t.u.DefaultBotSession] — Error executing org.telegram.telegrambots.meta.api.methods.updates.GetUpdates query: [409] Conflict: terminated by other getUpdates request; make sure that only one bot instance is running
org.telegram.telegrambots.meta.exceptions.TelegramApiRequestException: Error executing org.telegram.telegrambots.meta.api.methods.updates.GetUpdates query: [409] Conflict: terminated by other getUpdates request; make sure that only one bot instance is running
	at org.telegram.telegrambots.meta.api.methods.PartialBotApiMethod.deserializeResponseInternal(PartialBotApiMethod.java:54)
	at org.telegram.telegrambots.meta.api.methods.PartialBotApiMethod.deserializeResponseArray(PartialBotApiMethod.java:39)
	at org.telegram.telegrambots.meta.api.methods.updates.GetUpdates.deserializeResponse(GetUpdates.java:83)
	at org.telegram.telegrambots.updatesreceivers.DefaultBotSession$ReaderThread.getUpdatesFromServer(DefaultBotSession.java:258)
	at org.telegram.telegrambots.updatesreceivers.DefaultBotSession$ReaderThread.run(DefaultBotSession.java:188)
2026-04-27 15:02:26 ERROR [o.t.t.u.DefaultBotSession] — Error executing org.telegram.telegrambots.meta.api.methods.updates.GetUpdates query: [409] Conflict: terminated by other getUpdates request; make sure that only one bot instance is running
org.telegram.telegrambots.meta.exceptions.TelegramApiRequestException: Error executing org.telegram.telegrambots.meta.api.methods.updates.GetUpdates query: [409] Conflict: terminated by other getUpdates request; make sure that only one bot instance is running
	at org.telegram.telegrambots.meta.api.methods.PartialBotApiMethod.deserializeResponseInternal(PartialBotApiMethod.java:54)
	at org.telegram.telegrambots.meta.api.methods.PartialBotApiMethod.deserializeResponseArray(PartialBotApiMethod.java:39)
	at org.telegram.telegrambots.meta.api.methods.updates.GetUpdates.deserializeResponse(GetUpdates.java:83)
	at org.telegram.telegrambots.updatesreceivers.DefaultBotSession$ReaderThread.getUpdatesFromServer(DefaultBotSession.java:258)
	at org.telegram.telegrambots.updatesreceivers.DefaultBotSession$ReaderThread.run(DefaultBotSession.java:188)
2026-04-27 15:02:26 ERROR [o.t.t.u.DefaultBotSession] — Error executing org.telegram.telegrambots.meta.api.methods.updates.GetUpdates query: [409] Conflict: terminated by other getUpdates request; make sure that only one bot instance is running
org.telegram.telegrambots.meta.exceptions.TelegramApiRequestException: Error executing org.telegram.telegrambots.meta.api.methods.updates.GetUpdates query: [409] Conflict: terminated by other getUpdates request; make sure that only one bot instance is running
	at org.telegram.telegrambots.meta.api.methods.PartialBotApiMethod.deserializeResponseInternal(PartialBotApiMethod.java:54)
	at org.telegram.telegrambots.meta.api.methods.PartialBotApiMethod.deserializeResponseArray(PartialBotApiMethod.java:39)
	at org.telegram.telegrambots.meta.api.methods.updates.GetUpdates.deserializeResponse(GetUpdates.java:83)
	at org.telegram.telegrambots.updatesreceivers.DefaultBotSession$ReaderThread.getUpdatesFromServer(DefaultBotSession.java:258)
	at org.telegram.telegrambots.updatesreceivers.DefaultBotSession$ReaderThread.run(DefaultBotSession.java:188)
2026-04-27 15:02:30 ERROR [o.t.t.u.DefaultBotSession] — Error executing org.telegram.telegrambots.meta.api.methods.updates.GetUpdates query: [409] Conflict: terminated by other getUpdates request; make sure that only one bot instance is running
org.telegram.telegrambots.meta.exceptions.TelegramApiRequestException: Error executing org.telegram.telegrambots.meta.api.methods.updates.GetUpdates query: [409] Conflict: terminated by other getUpdates request; make sure that only one bot instance is running
	at org.telegram.telegrambots.meta.api.methods.PartialBotApiMethod.deserializeResponseInternal(PartialBotApiMethod.java:54)
	at org.telegram.telegrambots.meta.api.methods.PartialBotApiMethod.deserializeResponseArray(PartialBotApiMethod.java:39)
	at org.telegram.telegrambots.meta.api.methods.updates.GetUpdates.deserializeResponse(GetUpdates.java:83)
	at org.telegram.telegrambots.updatesreceivers.DefaultBotSession$ReaderThread.getUpdatesFromServer(DefaultBotSession.java:258)
	at org.telegram.telegrambots.updatesreceivers.DefaultBotSession$ReaderThread.run(DefaultBotSession.java:188)
2026-04-27 15:02:31 ERROR [o.t.t.u.DefaultBotSession] — Error executing org.telegram.telegrambots.meta.api.methods.updates.GetUpdates query: [409] Conflict: terminated by other getUpdates request; make sure that only one bot instance is running
org.telegram.telegrambots.meta.exceptions.TelegramApiRequestException: Error executing org.telegram.telegrambots.meta.api.methods.updates.GetUpdates query: [409] Conflict: terminated by other getUpdates request; make sure that only one bot instance is running
	at org.telegram.telegrambots.meta.api.methods.PartialBotApiMethod.deserializeResponseInternal(PartialBotApiMethod.java:54)
	at org.telegram.telegrambots.meta.api.methods.PartialBotApiMethod.deserializeResponseArray(PartialBotApiMethod.java:39)
	at org.telegram.telegrambots.meta.api.methods.updates.GetUpdates.deserializeResponse(GetUpdates.java:83)
	at org.telegram.telegrambots.updatesreceivers.DefaultBotSession$ReaderThread.getUpdatesFromServer(DefaultBotSession.java:258)
	at org.telegram.telegrambots.updatesreceivers.DefaultBotSession$ReaderThread.run(DefaultBotSession.java:188)
2026-04-27 15:02:34 ERROR [o.t.t.u.DefaultBotSession] — Error executing org.telegram.telegrambots.meta.api.methods.updates.GetUpdates query: [409] Conflict: terminated by other getUpdates request; make sure that only one bot instance is running
org.telegram.telegrambots.meta.exceptions.TelegramApiRequestException: Error executing org.telegram.telegrambots.meta.api.methods.updates.GetUpdates query: [409] Conflict: terminated by other getUpdates request; make sure that only one bot instance is running
	at org.telegram.telegrambots.meta.api.methods.PartialBotApiMethod.deserializeResponseInternal(PartialBotApiMethod.java:54)
	at org.telegram.telegrambots.meta.api.methods.PartialBotApiMethod.deserializeResponseArray(PartialBotApiMethod.java:39)
	at org.telegram.telegrambots.meta.api.methods.updates.GetUpdates.deserializeResponse(GetUpdates.java:83)
	at org.telegram.telegrambots.updatesreceivers.DefaultBotSession$ReaderThread.getUpdatesFromServer(DefaultBotSession.java:258)
	at org.telegram.telegrambots.updatesreceivers.DefaultBotSession$ReaderThread.run(DefaultBotSession.java:188)
2026-04-27 15:02:35 ERROR [o.t.t.u.DefaultBotSession] — Error executing org.telegram.telegrambots.meta.api.methods.updates.GetUpdates query: [409] Conflict: terminated by other getUpdates request; make sure that only one bot instance is running
org.telegram.telegrambots.meta.exceptions.TelegramApiRequestException: Error executing org.telegram.telegrambots.meta.api.methods.updates.GetUpdates query: [409] Conflict: terminated by other getUpdates request; make sure that only one bot instance is running
	at org.telegram.telegrambots.meta.api.methods.PartialBotApiMethod.deserializeResponseInternal(PartialBotApiMethod.java:54)
	at org.telegram.telegrambots.meta.api.methods.PartialBotApiMethod.deserializeResponseArray(PartialBotApiMethod.java:39)
	at org.telegram.telegrambots.meta.api.methods.updates.GetUpdates.deserializeResponse(GetUpdates.java:83)
	at org.telegram.telegrambots.updatesreceivers.DefaultBotSession$ReaderThread.getUpdatesFromServer(DefaultBotSession.java:258)
	at org.telegram.telegrambots.updatesreceivers.DefaultBotSession$ReaderThread.run(DefaultBotSession.java:188)
2026-04-27 15:02:39 ERROR [o.t.t.u.DefaultBotSession] — Error executing org.telegram.telegrambots.meta.api.methods.updates.GetUpdates query: [409] Conflict: terminated by other getUpdates request; make sure that only one bot instance is running
org.telegram.telegrambots.meta.exceptions.TelegramApiRequestException: Error executing org.telegram.telegrambots.meta.api.methods.updates.GetUpdates query: [409] Conflict: terminated by other getUpdates request; make sure that only one bot instance is running
	at org.telegram.telegrambots.meta.api.methods.PartialBotApiMethod.deserializeResponseInternal(PartialBotApiMethod.java:54)
	at org.telegram.telegrambots.meta.api.methods.PartialBotApiMethod.deserializeResponseArray(PartialBotApiMethod.java:39)
	at org.telegram.telegrambots.meta.api.methods.updates.GetUpdates.deserializeResponse(GetUpdates.java:83)
	at org.telegram.telegrambots.updatesreceivers.DefaultBotSession$ReaderThread.getUpdatesFromServer(DefaultBotSession.java:258)
	at org.telegram.telegrambots.updatesreceivers.DefaultBotSession$ReaderThread.run(DefaultBotSession.java:188)
2026-04-27 15:02:40 ERROR [o.t.t.u.DefaultBotSession] — Error executing org.telegram.telegrambots.meta.api.methods.updates.GetUpdates query: [409] Conflict: terminated by other getUpdates request; make sure that only one bot instance is running
org.telegram.telegrambots.meta.exceptions.TelegramApiRequestException: Error executing org.telegram.telegrambots.meta.api.methods.updates.GetUpdates query: [409] Conflict: terminated by other getUpdates request; make sure that only one bot instance is running
	at org.telegram.telegrambots.meta.api.methods.PartialBotApiMethod.deserializeResponseInternal(PartialBotApiMethod.java:54)
	at org.telegram.telegrambots.meta.api.methods.PartialBotApiMethod.deserializeResponseArray(PartialBotApiMethod.java:39)
	at org.telegram.telegrambots.meta.api.methods.updates.GetUpdates.deserializeResponse(GetUpdates.java:83)
	at org.telegram.telegrambots.updatesreceivers.DefaultBotSession$ReaderThread.getUpdatesFromServer(DefaultBotSession.java:258)
	at org.telegram.telegrambots.updatesreceivers.DefaultBotSession$ReaderThread.run(DefaultBotSession.java:188)
2026-04-27 15:02:43 ERROR [o.t.t.u.DefaultBotSession] — Error executing org.telegram.telegrambots.meta.api.methods.updates.GetUpdates query: [409] Conflict: terminated by other getUpdates request; make sure that only one bot instance is running
org.telegram.telegrambots.meta.exceptions.TelegramApiRequestException: Error executing org.telegram.telegrambots.meta.api.methods.updates.GetUpdates query: [409] Conflict: terminated by other getUpdates request; make sure that only one bot instance is running
	at org.telegram.telegrambots.meta.api.methods.PartialBotApiMethod.deserializeResponseInternal(PartialBotApiMethod.java:54)
	at org.telegram.telegrambots.meta.api.methods.PartialBotApiMethod.deserializeResponseArray(PartialBotApiMethod.java:39)
	at org.telegram.telegrambots.meta.api.methods.updates.GetUpdates.deserializeResponse(GetUpdates.java:83)
	at org.telegram.telegrambots.updatesreceivers.DefaultBotSession$ReaderThread.getUpdatesFromServer(DefaultBotSession.java:258)
	at org.telegram.telegrambots.updatesreceivers.DefaultBotSession$ReaderThread.run(DefaultBotSession.java:188)
2026-04-27 15:02:44 ERROR [o.t.t.u.DefaultBotSession] — Error executing org.telegram.telegrambots.meta.api.methods.updates.GetUpdates query: [409] Conflict: terminated by other getUpdates request; make sure that only one bot instance is running
org.telegram.telegrambots.meta.exceptions.TelegramApiRequestException: Error executing org.telegram.telegrambots.meta.api.methods.updates.GetUpdates query: [409] Conflict: terminated by other getUpdates request; make sure that only one bot instance is running
	at org.telegram.telegrambots.meta.api.methods.PartialBotApiMethod.deserializeResponseInternal(PartialBotApiMethod.java:54)
	at org.telegram.telegrambots.meta.api.methods.PartialBotApiMethod.deserializeResponseArray(PartialBotApiMethod.java:39)
	at org.telegram.telegrambots.meta.api.methods.updates.GetUpdates.deserializeResponse(GetUpdates.java:83)
	at org.telegram.telegrambots.updatesreceivers.DefaultBotSession$ReaderThread.getUpdatesFromServer(DefaultBotSession.java:258)
	at org.telegram.telegrambots.updatesreceivers.DefaultBotSession$ReaderThread.run(DefaultBotSession.java:188)
2026-04-27 15:02:48 ERROR [o.t.t.u.DefaultBotSession] — Error executing org.telegram.telegrambots.meta.api.methods.updates.GetUpdates query: [409] Conflict: terminated by other getUpdates request; make sure that only one bot instance is running
org.telegram.telegrambots.meta.exceptions.TelegramApiRequestException: Error executing org.telegram.telegrambots.meta.api.methods.updates.GetUpdates query: [409] Conflict: terminated by other getUpdates request; make sure that only one bot instance is running
	at org.telegram.telegrambots.meta.api.methods.PartialBotApiMethod.deserializeResponseInternal(PartialBotApiMethod.java:54)
	at org.telegram.telegrambots.meta.api.methods.PartialBotApiMethod.deserializeResponseArray(PartialBotApiMethod.java:39)
	at org.telegram.telegrambots.meta.api.methods.updates.GetUpdates.deserializeResponse(GetUpdates.java:83)
	at org.telegram.telegrambots.updatesreceivers.DefaultBotSession$ReaderThread.getUpdatesFromServer(DefaultBotSession.java:258)
	at org.telegram.telegrambots.updatesreceivers.DefaultBotSession$ReaderThread.run(DefaultBotSession.java:188)
2026-04-27 15:02:49 ERROR [o.t.t.u.DefaultBotSession] — Error executing org.telegram.telegrambots.meta.api.methods.updates.GetUpdates query: [409] Conflict: terminated by other getUpdates request; make sure that only one bot instance is running
org.telegram.telegrambots.meta.exceptions.TelegramApiRequestException: Error executing org.telegram.telegrambots.meta.api.methods.updates.GetUpdates query: [409] Conflict: terminated by other getUpdates request; make sure that only one bot instance is running
	at org.telegram.telegrambots.meta.api.methods.PartialBotApiMethod.deserializeResponseInternal(PartialBotApiMethod.java:54)
	at org.telegram.telegrambots.meta.api.methods.PartialBotApiMethod.deserializeResponseArray(PartialBotApiMethod.java:39)
	at org.telegram.telegrambots.meta.api.methods.updates.GetUpdates.deserializeResponse(GetUpdates.java:83)
	at org.telegram.telegrambots.updatesreceivers.DefaultBotSession$ReaderThread.getUpdatesFromServer(DefaultBotSession.java:258)
	at org.telegram.telegrambots.updatesreceivers.DefaultBotSession$ReaderThread.run(DefaultBotSession.java:188)
2026-04-27 15:02:52 ERROR [o.t.t.u.DefaultBotSession] — Error executing org.telegram.telegrambots.meta.api.methods.updates.GetUpdates query: [409] Conflict: terminated by other getUpdates request; make sure that only one bot instance is running
org.telegram.telegrambots.meta.exceptions.TelegramApiRequestException: Error executing org.telegram.telegrambots.meta.api.methods.updates.GetUpdates query: [409] Conflict: terminated by other getUpdates request; make sure that only one bot instance is running
	at org.telegram.telegrambots.meta.api.methods.PartialBotApiMethod.deserializeResponseInternal(PartialBotApiMethod.java:54)
	at org.telegram.telegrambots.meta.api.methods.PartialBotApiMethod.deserializeResponseArray(PartialBotApiMethod.java:39)
	at org.telegram.telegrambots.meta.api.methods.updates.GetUpdates.deserializeResponse(GetUpdates.java:83)
	at org.telegram.telegrambots.updatesreceivers.DefaultBotSession$ReaderThread.getUpdatesFromServer(DefaultBotSession.java:258)
	at org.telegram.telegrambots.updatesreceivers.DefaultBotSession$ReaderThread.run(DefaultBotSession.java:188)
2026-04-27 15:02:53 ERROR [o.t.t.u.DefaultBotSession] — Error executing org.telegram.telegrambots.meta.api.methods.updates.GetUpdates query: [409] Conflict: terminated by other getUpdates request; make sure that only one bot instance is running
org.telegram.telegrambots.meta.exceptions.TelegramApiRequestException: Error executing org.telegram.telegrambots.meta.api.methods.updates.GetUpdates query: [409] Conflict: terminated by other getUpdates request; make sure that only one bot instance is running
	at org.telegram.telegrambots.meta.api.methods.PartialBotApiMethod.deserializeResponseInternal(PartialBotApiMethod.java:54)
	at org.telegram.telegrambots.meta.api.methods.PartialBotApiMethod.deserializeResponseArray(PartialBotApiMethod.java:39)
	at org.telegram.telegrambots.meta.api.methods.updates.GetUpdates.deserializeResponse(GetUpdates.java:83)
	at org.telegram.telegrambots.updatesreceivers.DefaultBotSession$ReaderThread.getUpdatesFromServer(DefaultBotSession.java:258)
	at org.telegram.telegrambots.updatesreceivers.DefaultBotSession$ReaderThread.run(DefaultBotSession.java:188)
2026-04-27 15:02:56 ERROR [o.t.t.u.DefaultBotSession] — Error executing org.telegram.telegrambots.meta.api.methods.updates.GetUpdates query: [409] Conflict: terminated by other getUpdates request; make sure that only one bot instance is running
org.telegram.telegrambots.meta.exceptions.TelegramApiRequestException: Error executing org.telegram.telegrambots.meta.api.methods.updates.GetUpdates query: [409] Conflict: terminated by other getUpdates request; make sure that only one bot instance is running
	at org.telegram.telegrambots.meta.api.methods.PartialBotApiMethod.deserializeResponseInternal(PartialBotApiMethod.java:54)
	at org.telegram.telegrambots.meta.api.methods.PartialBotApiMethod.deserializeResponseArray(PartialBotApiMethod.java:39)
	at org.telegram.telegrambots.meta.api.methods.updates.GetUpdates.deserializeResponse(GetUpdates.java:83)
	at org.telegram.telegrambots.updatesreceivers.DefaultBotSession$ReaderThread.getUpdatesFromServer(DefaultBotSession.java:258)
	at org.telegram.telegrambots.updatesreceivers.DefaultBotSession$ReaderThread.run(DefaultBotSession.java:188)
2026-04-27 15:02:57 ERROR [o.t.t.u.DefaultBotSession] — Error executing org.telegram.telegrambots.meta.api.methods.updates.GetUpdates query: [409] Conflict: terminated by other getUpdates request; make sure that only one bot instance is running
org.telegram.telegrambots.meta.exceptions.TelegramApiRequestException: Error executing org.telegram.telegrambots.meta.api.methods.updates.GetUpdates query: [409] Conflict: terminated by other getUpdates request; make sure that only one bot instance is running
	at org.telegram.telegrambots.meta.api.methods.PartialBotApiMethod.deserializeResponseInternal(PartialBotApiMethod.java:54)
	at org.telegram.telegrambots.meta.api.methods.PartialBotApiMethod.deserializeResponseArray(PartialBotApiMethod.java:39)
	at org.telegram.telegrambots.meta.api.methods.updates.GetUpdates.deserializeResponse(GetUpdates.java:83)
	at org.telegram.telegrambots.updatesreceivers.DefaultBotSession$ReaderThread.getUpdatesFromServer(DefaultBotSession.java:258)
	at org.telegram.telegrambots.updatesreceivers.DefaultBotSession$ReaderThread.run(DefaultBotSession.java:188)
2026-04-27 15:03:01 ERROR [o.t.t.u.DefaultBotSession] — Error executing org.telegram.telegrambots.meta.api.methods.updates.GetUpdates query: [409] Conflict: terminated by other getUpdates request; make sure that only one bot instance is running
org.telegram.telegrambots.meta.exceptions.TelegramApiRequestException: Error executing org.telegram.telegrambots.meta.api.methods.updates.GetUpdates query: [409] Conflict: terminated by other getUpdates request; make sure that only one bot instance is running
	at org.telegram.telegrambots.meta.api.methods.PartialBotApiMethod.deserializeResponseInternal(PartialBotApiMethod.java:54)
	at org.telegram.telegrambots.meta.api.methods.PartialBotApiMethod.deserializeResponseArray(PartialBotApiMethod.java:39)
	at org.telegram.telegrambots.meta.api.methods.updates.GetUpdates.deserializeResponse(GetUpdates.java:83)
	at org.telegram.telegrambots.updatesreceivers.DefaultBotSession$ReaderThread.getUpdatesFromServer(DefaultBotSession.java:258)
	at org.telegram.telegrambots.updatesreceivers.DefaultBotSession$ReaderThread.run(DefaultBotSession.java:188)
2026-04-27 15:03:02 ERROR [o.t.t.u.DefaultBotSession] — Error executing org.telegram.telegrambots.meta.api.methods.updates.GetUpdates query: [409] Conflict: terminated by other getUpdates request; make sure that only one bot instance is running
org.telegram.telegrambots.meta.exceptions.TelegramApiRequestException: Error executing org.telegram.telegrambots.meta.api.methods.updates.GetUpdates query: [409] Conflict: terminated by other getUpdates request; make sure that only one bot instance is running
	at org.telegram.telegrambots.meta.api.methods.PartialBotApiMethod.deserializeResponseInternal(PartialBotApiMethod.java:54)
	at org.telegram.telegrambots.meta.api.methods.PartialBotApiMethod.deserializeResponseArray(PartialBotApiMethod.java:39)
	at org.telegram.telegrambots.meta.api.methods.updates.GetUpdates.deserializeResponse(GetUpdates.java:83)
	at org.telegram.telegrambots.updatesreceivers.DefaultBotSession$ReaderThread.getUpdatesFromServer(DefaultBotSession.java:258)
	at org.telegram.telegrambots.updatesreceivers.DefaultBotSession$ReaderThread.run(DefaultBotSession.java:188)
2026-04-27 15:03:05 ERROR [o.t.t.u.DefaultBotSession] — Error executing org.telegram.telegrambots.meta.api.methods.updates.GetUpdates query: [409] Conflict: terminated by other getUpdates request; make sure that only one bot instance is running
org.telegram.telegrambots.meta.exceptions.TelegramApiRequestException: Error executing org.telegram.telegrambots.meta.api.methods.updates.GetUpdates query: [409] Conflict: terminated by other getUpdates request; make sure that only one bot instance is running
	at org.telegram.telegrambots.meta.api.methods.PartialBotApiMethod.deserializeResponseInternal(PartialBotApiMethod.java:54)
	at org.telegram.telegrambots.meta.api.methods.PartialBotApiMethod.deserializeResponseArray(PartialBotApiMethod.java:39)
	at org.telegram.telegrambots.meta.api.methods.updates.GetUpdates.deserializeResponse(GetUpdates.java:83)
	at org.telegram.telegrambots.updatesreceivers.DefaultBotSession$ReaderThread.getUpdatesFromServer(DefaultBotSession.java:258)
	at org.telegram.telegrambots.updatesreceivers.DefaultBotSession$ReaderThread.run(DefaultBotSession.java:188)
2026-04-27 15:03:06 ERROR [o.t.t.u.DefaultBotSession] — Error executing org.telegram.telegrambots.meta.api.methods.updates.GetUpdates query: [409] Conflict: terminated by other getUpdates request; make sure that only one bot instance is running
org.telegram.telegrambots.meta.exceptions.TelegramApiRequestException: Error executing org.telegram.telegrambots.meta.api.methods.updates.GetUpdates query: [409] Conflict: terminated by other getUpdates request; make sure that only one bot instance is running
	at org.telegram.telegrambots.meta.api.methods.PartialBotApiMethod.deserializeResponseInternal(PartialBotApiMethod.java:54)
	at org.telegram.telegrambots.meta.api.methods.PartialBotApiMethod.deserializeResponseArray(PartialBotApiMethod.java:39)
	at org.telegram.telegrambots.meta.api.methods.updates.GetUpdates.deserializeResponse(GetUpdates.java:83)
	at org.telegram.telegrambots.updatesreceivers.DefaultBotSession$ReaderThread.getUpdatesFromServer(DefaultBotSession.java:258)
	at org.telegram.telegrambots.updatesreceivers.DefaultBotSession$ReaderThread.run(DefaultBotSession.java:188)
2026-04-27 15:03:09 ERROR [o.t.t.u.DefaultBotSession] — Error executing org.telegram.telegrambots.meta.api.methods.updates.GetUpdates query: [409] Conflict: terminated by other getUpdates request; make sure that only one bot instance is running
org.telegram.telegrambots.meta.exceptions.TelegramApiRequestException: Error executing org.telegram.telegrambots.meta.api.methods.updates.GetUpdates query: [409] Conflict: terminated by other getUpdates request; make sure that only one bot instance is running
	at org.telegram.telegrambots.meta.api.methods.PartialBotApiMethod.deserializeResponseInternal(PartialBotApiMethod.java:54)
	at org.telegram.telegrambots.meta.api.methods.PartialBotApiMethod.deserializeResponseArray(PartialBotApiMethod.java:39)
	at org.telegram.telegrambots.meta.api.methods.updates.GetUpdates.deserializeResponse(GetUpdates.java:83)
	at org.telegram.telegrambots.updatesreceivers.DefaultBotSession$ReaderThread.getUpdatesFromServer(DefaultBotSession.java:258)
	at org.telegram.telegrambots.updatesreceivers.DefaultBotSession$ReaderThread.run(DefaultBotSession.java:188)
2026-04-27 15:03:10 ERROR [o.t.t.u.DefaultBotSession] — Error executing org.telegram.telegrambots.meta.api.methods.updates.GetUpdates query: [409] Conflict: terminated by other getUpdates request; make sure that only one bot instance is running
org.telegram.telegrambots.meta.exceptions.TelegramApiRequestException: Error executing org.telegram.telegrambots.meta.api.methods.updates.GetUpdates query: [409] Conflict: terminated by other getUpdates request; make sure that only one bot instance is running
	at org.telegram.telegrambots.meta.api.methods.PartialBotApiMethod.deserializeResponseInternal(PartialBotApiMethod.java:54)
	at org.telegram.telegrambots.meta.api.methods.PartialBotApiMethod.deserializeResponseArray(PartialBotApiMethod.java:39)
	at org.telegram.telegrambots.meta.api.methods.updates.GetUpdates.deserializeResponse(GetUpdates.java:83)
	at org.telegram.telegrambots.updatesreceivers.DefaultBotSession$ReaderThread.getUpdatesFromServer(DefaultBotSession.java:258)
	at org.telegram.telegrambots.updatesreceivers.DefaultBotSession$ReaderThread.run(DefaultBotSession.java:188)
2026-04-27 15:03:14 ERROR [o.t.t.u.DefaultBotSession] — Error executing org.telegram.telegrambots.meta.api.methods.updates.GetUpdates query: [409] Conflict: terminated by other getUpdates request; make sure that only one bot instance is running
org.telegram.telegrambots.meta.exceptions.TelegramApiRequestException: Error executing org.telegram.telegrambots.meta.api.methods.updates.GetUpdates query: [409] Conflict: terminated by other getUpdates request; make sure that only one bot instance is running
	at org.telegram.telegrambots.meta.api.methods.PartialBotApiMethod.deserializeResponseInternal(PartialBotApiMethod.java:54)
	at org.telegram.telegrambots.meta.api.methods.PartialBotApiMethod.deserializeResponseArray(PartialBotApiMethod.java:39)
	at org.telegram.telegrambots.meta.api.methods.updates.GetUpdates.deserializeResponse(GetUpdates.java:83)
	at org.telegram.telegrambots.updatesreceivers.DefaultBotSession$ReaderThread.getUpdatesFromServer(DefaultBotSession.java:258)
	at org.telegram.telegrambots.updatesreceivers.DefaultBotSession$ReaderThread.run(DefaultBotSession.java:188)
2026-04-27 15:03:14 ERROR [o.t.t.u.DefaultBotSession] — Error executing org.telegram.telegrambots.meta.api.methods.updates.GetUpdates query: [409] Conflict: terminated by other getUpdates request; make sure that only one bot instance is running
org.telegram.telegrambots.meta.exceptions.TelegramApiRequestException: Error executing org.telegram.telegrambots.meta.api.methods.updates.GetUpdates query: [409] Conflict: terminated by other getUpdates request; make sure that only one bot instance is running
	at org.telegram.telegrambots.meta.api.methods.PartialBotApiMethod.deserializeResponseInternal(PartialBotApiMethod.java:54)
	at org.telegram.telegrambots.meta.api.methods.PartialBotApiMethod.deserializeResponseArray(PartialBotApiMethod.java:39)
	at org.telegram.telegrambots.meta.api.methods.updates.GetUpdates.deserializeResponse(GetUpdates.java:83)
	at org.telegram.telegrambots.updatesreceivers.DefaultBotSession$ReaderThread.getUpdatesFromServer(DefaultBotSession.java:258)
	at org.telegram.telegrambots.updatesreceivers.DefaultBotSession$ReaderThread.run(DefaultBotSession.java:188)
2026-04-27 15:03:18 ERROR [o.t.t.u.DefaultBotSession] — Error executing org.telegram.telegrambots.meta.api.methods.updates.GetUpdates query: [409] Conflict: terminated by other getUpdates request; make sure that only one bot instance is running
org.telegram.telegrambots.meta.exceptions.TelegramApiRequestException: Error executing org.telegram.telegrambots.meta.api.methods.updates.GetUpdates query: [409] Conflict: terminated by other getUpdates request; make sure that only one bot instance is running
	at org.telegram.telegrambots.meta.api.methods.PartialBotApiMethod.deserializeResponseInternal(PartialBotApiMethod.java:54)
	at org.telegram.telegrambots.meta.api.methods.PartialBotApiMethod.deserializeResponseArray(PartialBotApiMethod.java:39)
	at org.telegram.telegrambots.meta.api.methods.updates.GetUpdates.deserializeResponse(GetUpdates.java:83)
	at org.telegram.telegrambots.updatesreceivers.DefaultBotSession$ReaderThread.getUpdatesFromServer(DefaultBotSession.java:258)
	at org.telegram.telegrambots.updatesreceivers.DefaultBotSession$ReaderThread.run(DefaultBotSession.java:188)
2026-04-27 15:03:19 ERROR [o.t.t.u.DefaultBotSession] — Error executing org.telegram.telegrambots.meta.api.methods.updates.GetUpdates query: [409] Conflict: terminated by other getUpdates request; make sure that only one bot instance is running
org.telegram.telegrambots.meta.exceptions.TelegramApiRequestException: Error executing org.telegram.telegrambots.meta.api.methods.updates.GetUpdates query: [409] Conflict: terminated by other getUpdates request; make sure that only one bot instance is running
	at org.telegram.telegrambots.meta.api.methods.PartialBotApiMethod.deserializeResponseInternal(PartialBotApiMethod.java:54)
	at org.telegram.telegrambots.meta.api.methods.PartialBotApiMethod.deserializeResponseArray(PartialBotApiMethod.java:39)
	at org.telegram.telegrambots.meta.api.methods.updates.GetUpdates.deserializeResponse(GetUpdates.java:83)
	at org.telegram.telegrambots.updatesreceivers.DefaultBotSession$ReaderThread.getUpdatesFromServer(DefaultBotSession.java:258)
	at org.telegram.telegrambots.updatesreceivers.DefaultBotSession$ReaderThread.run(DefaultBotSession.java:188)
2026-04-27 15:03:22 ERROR [o.t.t.u.DefaultBotSession] — Error executing org.telegram.telegrambots.meta.api.methods.updates.GetUpdates query: [409] Conflict: terminated by other getUpdates request; make sure that only one bot instance is running
org.telegram.telegrambots.meta.exceptions.TelegramApiRequestException: Error executing org.telegram.telegrambots.meta.api.methods.updates.GetUpdates query: [409] Conflict: terminated by other getUpdates request; make sure that only one bot instance is running
	at org.telegram.telegrambots.meta.api.methods.PartialBotApiMethod.deserializeResponseInternal(PartialBotApiMethod.java:54)
	at org.telegram.telegrambots.meta.api.methods.PartialBotApiMethod.deserializeResponseArray(PartialBotApiMethod.java:39)
	at org.telegram.telegrambots.meta.api.methods.updates.GetUpdates.deserializeResponse(GetUpdates.java:83)
	at org.telegram.telegrambots.updatesreceivers.DefaultBotSession$ReaderThread.getUpdatesFromServer(DefaultBotSession.java:258)
	at org.telegram.telegrambots.updatesreceivers.DefaultBotSession$ReaderThread.run(DefaultBotSession.java:188)
2026-04-27 15:03:23 ERROR [o.t.t.u.DefaultBotSession] — Error executing org.telegram.telegrambots.meta.api.methods.updates.GetUpdates query: [409] Conflict: terminated by other getUpdates request; make sure that only one bot instance is running
org.telegram.telegrambots.meta.exceptions.TelegramApiRequestException: Error executing org.telegram.telegrambots.meta.api.methods.updates.GetUpdates query: [409] Conflict: terminated by other getUpdates request; make sure that only one bot instance is running
	at org.telegram.telegrambots.meta.api.methods.PartialBotApiMethod.deserializeResponseInternal(PartialBotApiMethod.java:54)
	at org.telegram.telegrambots.meta.api.methods.PartialBotApiMethod.deserializeResponseArray(PartialBotApiMethod.java:39)
	at org.telegram.telegrambots.meta.api.methods.updates.GetUpdates.deserializeResponse(GetUpdates.java:83)
	at org.telegram.telegrambots.updatesreceivers.DefaultBotSession$ReaderThread.getUpdatesFromServer(DefaultBotSession.java:258)
	at org.telegram.telegrambots.updatesreceivers.DefaultBotSession$ReaderThread.run(DefaultBotSession.java:188)
2026-04-27 15:03:27 ERROR [o.t.t.u.DefaultBotSession] — Error executing org.telegram.telegrambots.meta.api.methods.updates.GetUpdates query: [409] Conflict: terminated by other getUpdates request; make sure that only one bot instance is running
org.telegram.telegrambots.meta.exceptions.TelegramApiRequestException: Error executing org.telegram.telegrambots.meta.api.methods.updates.GetUpdates query: [409] Conflict: terminated by other getUpdates request; make sure that only one bot instance is running
	at org.telegram.telegrambots.meta.api.methods.PartialBotApiMethod.deserializeResponseInternal(PartialBotApiMethod.java:54)
	at org.telegram.telegrambots.meta.api.methods.PartialBotApiMethod.deserializeResponseArray(PartialBotApiMethod.java:39)
	at org.telegram.telegrambots.meta.api.methods.updates.GetUpdates.deserializeResponse(GetUpdates.java:83)
	at org.telegram.telegrambots.updatesreceivers.DefaultBotSession$ReaderThread.getUpdatesFromServer(DefaultBotSession.java:258)
	at org.telegram.telegrambots.updatesreceivers.DefaultBotSession$ReaderThread.run(DefaultBotSession.java:188)
2026-04-27 15:03:27 ERROR [o.t.t.u.DefaultBotSession] — Error executing org.telegram.telegrambots.meta.api.methods.updates.GetUpdates query: [409] Conflict: terminated by other getUpdates request; make sure that only one bot instance is running
org.telegram.telegrambots.meta.exceptions.TelegramApiRequestException: Error executing org.telegram.telegrambots.meta.api.methods.updates.GetUpdates query: [409] Conflict: terminated by other getUpdates request; make sure that only one bot instance is running
	at org.telegram.telegrambots.meta.api.methods.PartialBotApiMethod.deserializeResponseInternal(PartialBotApiMethod.java:54)
	at org.telegram.telegrambots.meta.api.methods.PartialBotApiMethod.deserializeResponseArray(PartialBotApiMethod.java:39)
	at org.telegram.telegrambots.meta.api.methods.updates.GetUpdates.deserializeResponse(GetUpdates.java:83)
	at org.telegram.telegrambots.updatesreceivers.DefaultBotSession$ReaderThread.getUpdatesFromServer(DefaultBotSession.java:258)
	at org.telegram.telegrambots.updatesreceivers.DefaultBotSession$ReaderThread.run(DefaultBotSession.java:188)
2026-04-27 15:03:31 ERROR [o.t.t.u.DefaultBotSession] — Error executing org.telegram.telegrambots.meta.api.methods.updates.GetUpdates query: [409] Conflict: terminated by other getUpdates request; make sure that only one bot instance is running
org.telegram.telegrambots.meta.exceptions.TelegramApiRequestException: Error executing org.telegram.telegrambots.meta.api.methods.updates.GetUpdates query: [409] Conflict: terminated by other getUpdates request; make sure that only one bot instance is running
	at org.telegram.telegrambots.meta.api.methods.PartialBotApiMethod.deserializeResponseInternal(PartialBotApiMethod.java:54)
	at org.telegram.telegrambots.meta.api.methods.PartialBotApiMethod.deserializeResponseArray(PartialBotApiMethod.java:39)
	at org.telegram.telegrambots.meta.api.methods.updates.GetUpdates.deserializeResponse(GetUpdates.java:83)
	at org.telegram.telegrambots.updatesreceivers.DefaultBotSession$ReaderThread.getUpdatesFromServer(DefaultBotSession.java:258)
	at org.telegram.telegrambots.updatesreceivers.DefaultBotSession$ReaderThread.run(DefaultBotSession.java:188)
2026-04-27 15:03:32 ERROR [o.t.t.u.DefaultBotSession] — Error executing org.telegram.telegrambots.meta.api.methods.updates.GetUpdates query: [409] Conflict: terminated by other getUpdates request; make sure that only one bot instance is running
org.telegram.telegrambots.meta.exceptions.TelegramApiRequestException: Error executing org.telegram.telegrambots.meta.api.methods.updates.GetUpdates query: [409] Conflict: terminated by other getUpdates request; make sure that only one bot instance is running
	at org.telegram.telegrambots.meta.api.methods.PartialBotApiMethod.deserializeResponseInternal(PartialBotApiMethod.java:54)
	at org.telegram.telegrambots.meta.api.methods.PartialBotApiMethod.deserializeResponseArray(PartialBotApiMethod.java:39)
	at org.telegram.telegrambots.meta.api.methods.updates.GetUpdates.deserializeResponse(GetUpdates.java:83)
	at org.telegram.telegrambots.updatesreceivers.DefaultBotSession$ReaderThread.getUpdatesFromServer(DefaultBotSession.java:258)
	at org.telegram.telegrambots.updatesreceivers.DefaultBotSession$ReaderThread.run(DefaultBotSession.java:188)
2026-04-27 15:03:35 ERROR [o.t.t.u.DefaultBotSession] — Error executing org.telegram.telegrambots.meta.api.methods.updates.GetUpdates query: [409] Conflict: terminated by other getUpdates request; make sure that only one bot instance is running
org.telegram.telegrambots.meta.exceptions.TelegramApiRequestException: Error executing org.telegram.telegrambots.meta.api.methods.updates.GetUpdates query: [409] Conflict: terminated by other getUpdates request; make sure that only one bot instance is running
	at org.telegram.telegrambots.meta.api.methods.PartialBotApiMethod.deserializeResponseInternal(PartialBotApiMethod.java:54)
	at org.telegram.telegrambots.meta.api.methods.PartialBotApiMethod.deserializeResponseArray(PartialBotApiMethod.java:39)
	at org.telegram.telegrambots.meta.api.methods.updates.GetUpdates.deserializeResponse(GetUpdates.java:83)
	at org.telegram.telegrambots.updatesreceivers.DefaultBotSession$ReaderThread.getUpdatesFromServer(DefaultBotSession.java:258)
	at org.telegram.telegrambots.updatesreceivers.DefaultBotSession$ReaderThread.run(DefaultBotSession.java:188)
2026-04-27 15:03:36 ERROR [o.t.t.u.DefaultBotSession] — Error executing org.telegram.telegrambots.meta.api.methods.updates.GetUpdates query: [409] Conflict: terminated by other getUpdates request; make sure that only one bot instance is running
org.telegram.telegrambots.meta.exceptions.TelegramApiRequestException: Error executing org.telegram.telegrambots.meta.api.methods.updates.GetUpdates query: [409] Conflict: terminated by other getUpdates request; make sure that only one bot instance is running
	at org.telegram.telegrambots.meta.api.methods.PartialBotApiMethod.deserializeResponseInternal(PartialBotApiMethod.java:54)
	at org.telegram.telegrambots.meta.api.methods.PartialBotApiMethod.deserializeResponseArray(PartialBotApiMethod.java:39)
	at org.telegram.telegrambots.meta.api.methods.updates.GetUpdates.deserializeResponse(GetUpdates.java:83)
	at org.telegram.telegrambots.updatesreceivers.DefaultBotSession$ReaderThread.getUpdatesFromServer(DefaultBotSession.java:258)
	at org.telegram.telegrambots.updatesreceivers.DefaultBotSession$ReaderThread.run(DefaultBotSession.java:188)
2026-04-27 15:03:40 ERROR [o.t.t.u.DefaultBotSession] — Error executing org.telegram.telegrambots.meta.api.methods.updates.GetUpdates query: [409] Conflict: terminated by other getUpdates request; make sure that only one bot instance is running
org.telegram.telegrambots.meta.exceptions.TelegramApiRequestException: Error executing org.telegram.telegrambots.meta.api.methods.updates.GetUpdates query: [409] Conflict: terminated by other getUpdates request; make sure that only one bot instance is running
	at org.telegram.telegrambots.meta.api.methods.PartialBotApiMethod.deserializeResponseInternal(PartialBotApiMethod.java:54)
	at org.telegram.telegrambots.meta.api.methods.PartialBotApiMethod.deserializeResponseArray(PartialBotApiMethod.java:39)
	at org.telegram.telegrambots.meta.api.methods.updates.GetUpdates.deserializeResponse(GetUpdates.java:83)
	at org.telegram.telegrambots.updatesreceivers.DefaultBotSession$ReaderThread.getUpdatesFromServer(DefaultBotSession.java:258)
	at org.telegram.telegrambots.updatesreceivers.DefaultBotSession$ReaderThread.run(DefaultBotSession.java:188)
2026-04-27 15:03:40 ERROR [o.t.t.u.DefaultBotSession] — Error executing org.telegram.telegrambots.meta.api.methods.updates.GetUpdates query: [409] Conflict: terminated by other getUpdates request; make sure that only one bot instance is running
org.telegram.telegrambots.meta.exceptions.TelegramApiRequestException: Error executing org.telegram.telegrambots.meta.api.methods.updates.GetUpdates query: [409] Conflict: terminated by other getUpdates request; make sure that only one bot instance is running
	at org.telegram.telegrambots.meta.api.methods.PartialBotApiMethod.deserializeResponseInternal(PartialBotApiMethod.java:54)
	at org.telegram.telegrambots.meta.api.methods.PartialBotApiMethod.deserializeResponseArray(PartialBotApiMethod.java:39)
	at org.telegram.telegrambots.meta.api.methods.updates.GetUpdates.deserializeResponse(GetUpdates.java:83)
	at org.telegram.telegrambots.updatesreceivers.DefaultBotSession$ReaderThread.getUpdatesFromServer(DefaultBotSession.java:258)
	at org.telegram.telegrambots.updatesreceivers.DefaultBotSession$ReaderThread.run(DefaultBotSession.java:188)
2026-04-27 15:03:44 ERROR [o.t.t.u.DefaultBotSession] — Error executing org.telegram.telegrambots.meta.api.methods.updates.GetUpdates query: [409] Conflict: terminated by other getUpdates request; make sure that only one bot instance is running
org.telegram.telegrambots.meta.exceptions.TelegramApiRequestException: Error executing org.telegram.telegrambots.meta.api.methods.updates.GetUpdates query: [409] Conflict: terminated by other getUpdates request; make sure that only one bot instance is running
	at org.telegram.telegrambots.meta.api.methods.PartialBotApiMethod.deserializeResponseInternal(PartialBotApiMethod.java:54)
	at org.telegram.telegrambots.meta.api.methods.PartialBotApiMethod.deserializeResponseArray(PartialBotApiMethod.java:39)
	at org.telegram.telegrambots.meta.api.methods.updates.GetUpdates.deserializeResponse(GetUpdates.java:83)
	at org.telegram.telegrambots.updatesreceivers.DefaultBotSession$ReaderThread.getUpdatesFromServer(DefaultBotSession.java:258)
	at org.telegram.telegrambots.updatesreceivers.DefaultBotSession$ReaderThread.run(DefaultBotSession.java:188)
2026-04-27 15:03:45 ERROR [o.t.t.u.DefaultBotSession] — Error executing org.telegram.telegrambots.meta.api.methods.updates.GetUpdates query: [409] Conflict: terminated by other getUpdates request; make sure that only one bot instance is running
org.telegram.telegrambots.meta.exceptions.TelegramApiRequestException: Error executing org.telegram.telegrambots.meta.api.methods.updates.GetUpdates query: [409] Conflict: terminated by other getUpdates request; make sure that only one bot instance is running
	at org.telegram.telegrambots.meta.api.methods.PartialBotApiMethod.deserializeResponseInternal(PartialBotApiMethod.java:54)
	at org.telegram.telegrambots.meta.api.methods.PartialBotApiMethod.deserializeResponseArray(PartialBotApiMethod.java:39)
	at org.telegram.telegrambots.meta.api.methods.updates.GetUpdates.deserializeResponse(GetUpdates.java:83)
	at org.telegram.telegrambots.updatesreceivers.DefaultBotSession$ReaderThread.getUpdatesFromServer(DefaultBotSession.java:258)
	at org.telegram.telegrambots.updatesreceivers.DefaultBotSession$ReaderThread.run(DefaultBotSession.java:188)
2026-04-27 15:03:48 ERROR [o.t.t.u.DefaultBotSession] — Error executing org.telegram.telegrambots.meta.api.methods.updates.GetUpdates query: [409] Conflict: terminated by other getUpdates request; make sure that only one bot instance is running
org.telegram.telegrambots.meta.exceptions.TelegramApiRequestException: Error executing org.telegram.telegrambots.meta.api.methods.updates.GetUpdates query: [409] Conflict: terminated by other getUpdates request; make sure that only one bot instance is running
	at org.telegram.telegrambots.meta.api.methods.PartialBotApiMethod.deserializeResponseInternal(PartialBotApiMethod.java:54)
	at org.telegram.telegrambots.meta.api.methods.PartialBotApiMethod.deserializeResponseArray(PartialBotApiMethod.java:39)
	at org.telegram.telegrambots.meta.api.methods.updates.GetUpdates.deserializeResponse(GetUpdates.java:83)
	at org.telegram.telegrambots.updatesreceivers.DefaultBotSession$ReaderThread.getUpdatesFromServer(DefaultBotSession.java:258)
	at org.telegram.telegrambots.updatesreceivers.DefaultBotSession$ReaderThread.run(DefaultBotSession.java:188)
2026-04-27 15:03:49 ERROR [o.t.t.u.DefaultBotSession] — Error executing org.telegram.telegrambots.meta.api.methods.updates.GetUpdates query: [409] Conflict: terminated by other getUpdates request; make sure that only one bot instance is running
org.telegram.telegrambots.meta.exceptions.TelegramApiRequestException: Error executing org.telegram.telegrambots.meta.api.methods.updates.GetUpdates query: [409] Conflict: terminated by other getUpdates request; make sure that only one bot instance is running
	at org.telegram.telegrambots.meta.api.methods.PartialBotApiMethod.deserializeResponseInternal(PartialBotApiMethod.java:54)
	at org.telegram.telegrambots.meta.api.methods.PartialBotApiMethod.deserializeResponseArray(PartialBotApiMethod.java:39)
	at org.telegram.telegrambots.meta.api.methods.updates.GetUpdates.deserializeResponse(GetUpdates.java:83)
	at org.telegram.telegrambots.updatesreceivers.DefaultBotSession$ReaderThread.getUpdatesFromServer(DefaultBotSession.java:258)
	at org.telegram.telegrambots.updatesreceivers.DefaultBotSession$ReaderThread.run(DefaultBotSession.java:188)
2026-04-27 15:03:53 ERROR [o.t.t.u.DefaultBotSession] — Error executing org.telegram.telegrambots.meta.api.methods.updates.GetUpdates query: [409] Conflict: terminated by other getUpdates request; make sure that only one bot instance is running
org.telegram.telegrambots.meta.exceptions.TelegramApiRequestException: Error executing org.telegram.telegrambots.meta.api.methods.updates.GetUpdates query: [409] Conflict: terminated by other getUpdates request; make sure that only one bot instance is running
	at org.telegram.telegrambots.meta.api.methods.PartialBotApiMethod.deserializeResponseInternal(PartialBotApiMethod.java:54)
	at org.telegram.telegrambots.meta.api.methods.PartialBotApiMethod.deserializeResponseArray(PartialBotApiMethod.java:39)
	at org.telegram.telegrambots.meta.api.methods.updates.GetUpdates.deserializeResponse(GetUpdates.java:83)
	at org.telegram.telegrambots.updatesreceivers.DefaultBotSession$ReaderThread.getUpdatesFromServer(DefaultBotSession.java:258)
	at org.telegram.telegrambots.updatesreceivers.DefaultBotSession$ReaderThread.run(DefaultBotSession.java:188)
2026-04-27 15:03:54 ERROR [o.t.t.u.DefaultBotSession] — Error executing org.telegram.telegrambots.meta.api.methods.updates.GetUpdates query: [409] Conflict: terminated by other getUpdates request; make sure that only one bot instance is running
org.telegram.telegrambots.meta.exceptions.TelegramApiRequestException: Error executing org.telegram.telegrambots.meta.api.methods.updates.GetUpdates query: [409] Conflict: terminated by other getUpdates request; make sure that only one bot instance is running
	at org.telegram.telegrambots.meta.api.methods.PartialBotApiMethod.deserializeResponseInternal(PartialBotApiMethod.java:54)
	at org.telegram.telegrambots.meta.api.methods.PartialBotApiMethod.deserializeResponseArray(PartialBotApiMethod.java:39)
	at org.telegram.telegrambots.meta.api.methods.updates.GetUpdates.deserializeResponse(GetUpdates.java:83)
	at org.telegram.telegrambots.updatesreceivers.DefaultBotSession$ReaderThread.getUpdatesFromServer(DefaultBotSession.java:258)
	at org.telegram.telegrambots.updatesreceivers.DefaultBotSession$ReaderThread.run(DefaultBotSession.java:188)
2026-04-27 15:03:58 ERROR [o.t.t.u.DefaultBotSession] — Error executing org.telegram.telegrambots.meta.api.methods.updates.GetUpdates query: [409] Conflict: terminated by other getUpdates request; make sure that only one bot instance is running
org.telegram.telegrambots.meta.exceptions.TelegramApiRequestException: Error executing org.telegram.telegrambots.meta.api.methods.updates.GetUpdates query: [409] Conflict: terminated by other getUpdates request; make sure that only one bot instance is running
	at org.telegram.telegrambots.meta.api.methods.PartialBotApiMethod.deserializeResponseInternal(PartialBotApiMethod.java:54)
	at org.telegram.telegrambots.meta.api.methods.PartialBotApiMethod.deserializeResponseArray(PartialBotApiMethod.java:39)
	at org.telegram.telegrambots.meta.api.methods.updates.GetUpdates.deserializeResponse(GetUpdates.java:83)
	at org.telegram.telegrambots.updatesreceivers.DefaultBotSession$ReaderThread.getUpdatesFromServer(DefaultBotSession.java:258)
	at org.telegram.telegrambots.updatesreceivers.DefaultBotSession$ReaderThread.run(DefaultBotSession.java:188)
2026-04-27 15:03:59 ERROR [o.t.t.u.DefaultBotSession] — Error executing org.telegram.telegrambots.meta.api.methods.updates.GetUpdates query: [409] Conflict: terminated by other getUpdates request; make sure that only one bot instance is running
org.telegram.telegrambots.meta.exceptions.TelegramApiRequestException: Error executing org.telegram.telegrambots.meta.api.methods.updates.GetUpdates query: [409] Conflict: terminated by other getUpdates request; make sure that only one bot instance is running
	at org.telegram.telegrambots.meta.api.methods.PartialBotApiMethod.deserializeResponseInternal(PartialBotApiMethod.java:54)
	at org.telegram.telegrambots.meta.api.methods.PartialBotApiMethod.deserializeResponseArray(PartialBotApiMethod.java:39)
	at org.telegram.telegrambots.meta.api.methods.updates.GetUpdates.deserializeResponse(GetUpdates.java:83)
	at org.telegram.telegrambots.updatesreceivers.DefaultBotSession$ReaderThread.getUpdatesFromServer(DefaultBotSession.java:258)
	at org.telegram.telegrambots.updatesreceivers.DefaultBotSession$ReaderThread.run(DefaultBotSession.java:188)
2026-04-27 15:04:02 ERROR [o.t.t.u.DefaultBotSession] — Error executing org.telegram.telegrambots.meta.api.methods.updates.GetUpdates query: [409] Conflict: terminated by other getUpdates request; make sure that only one bot instance is running
org.telegram.telegrambots.meta.exceptions.TelegramApiRequestException: Error executing org.telegram.telegrambots.meta.api.methods.updates.GetUpdates query: [409] Conflict: terminated by other getUpdates request; make sure that only one bot instance is running
	at org.telegram.telegrambots.meta.api.methods.PartialBotApiMethod.deserializeResponseInternal(PartialBotApiMethod.java:54)
	at org.telegram.telegrambots.meta.api.methods.PartialBotApiMethod.deserializeResponseArray(PartialBotApiMethod.java:39)
	at org.telegram.telegrambots.meta.api.methods.updates.GetUpdates.deserializeResponse(GetUpdates.java:83)
	at org.telegram.telegrambots.updatesreceivers.DefaultBotSession$ReaderThread.getUpdatesFromServer(DefaultBotSession.java:258)
	at org.telegram.telegrambots.updatesreceivers.DefaultBotSession$ReaderThread.run(DefaultBotSession.java:188)
2026-04-27 15:04:03 ERROR [o.t.t.u.DefaultBotSession] — Error executing org.telegram.telegrambots.meta.api.methods.updates.GetUpdates query: [409] Conflict: terminated by other getUpdates request; make sure that only one bot instance is running
org.telegram.telegrambots.meta.exceptions.TelegramApiRequestException: Error executing org.telegram.telegrambots.meta.api.methods.updates.GetUpdates query: [409] Conflict: terminated by other getUpdates request; make sure that only one bot instance is running
	at org.telegram.telegrambots.meta.api.methods.PartialBotApiMethod.deserializeResponseInternal(PartialBotApiMethod.java:54)
	at org.telegram.telegrambots.meta.api.methods.PartialBotApiMethod.deserializeResponseArray(PartialBotApiMethod.java:39)
	at org.telegram.telegrambots.meta.api.methods.updates.GetUpdates.deserializeResponse(GetUpdates.java:83)
	at org.telegram.telegrambots.updatesreceivers.DefaultBotSession$ReaderThread.getUpdatesFromServer(DefaultBotSession.java:258)
	at org.telegram.telegrambots.updatesreceivers.DefaultBotSession$ReaderThread.run(DefaultBotSession.java:188)
2026-04-27 15:04:07 ERROR [o.t.t.u.DefaultBotSession] — Error executing org.telegram.telegrambots.meta.api.methods.updates.GetUpdates query: [409] Conflict: terminated by other getUpdates request; make sure that only one bot instance is running
org.telegram.telegrambots.meta.exceptions.TelegramApiRequestException: Error executing org.telegram.telegrambots.meta.api.methods.updates.GetUpdates query: [409] Conflict: terminated by other getUpdates request; make sure that only one bot instance is running
	at org.telegram.telegrambots.meta.api.methods.PartialBotApiMethod.deserializeResponseInternal(PartialBotApiMethod.java:54)
	at org.telegram.telegrambots.meta.api.methods.PartialBotApiMethod.deserializeResponseArray(PartialBotApiMethod.java:39)
	at org.telegram.telegrambots.meta.api.methods.updates.GetUpdates.deserializeResponse(GetUpdates.java:83)
	at org.telegram.telegrambots.updatesreceivers.DefaultBotSession$ReaderThread.getUpdatesFromServer(DefaultBotSession.java:258)
	at org.telegram.telegrambots.updatesreceivers.DefaultBotSession$ReaderThread.run(DefaultBotSession.java:188)
2026-04-27 15:04:07 ERROR [o.t.t.u.DefaultBotSession] — Error executing org.telegram.telegrambots.meta.api.methods.updates.GetUpdates query: [409] Conflict: terminated by other getUpdates request; make sure that only one bot instance is running
org.telegram.telegrambots.meta.exceptions.TelegramApiRequestException: Error executing org.telegram.telegrambots.meta.api.methods.updates.GetUpdates query: [409] Conflict: terminated by other getUpdates request; make sure that only one bot instance is running
	at org.telegram.telegrambots.meta.api.methods.PartialBotApiMethod.deserializeResponseInternal(PartialBotApiMethod.java:54)
	at org.telegram.telegrambots.meta.api.methods.PartialBotApiMethod.deserializeResponseArray(PartialBotApiMethod.java:39)
	at org.telegram.telegrambots.meta.api.methods.updates.GetUpdates.deserializeResponse(GetUpdates.java:83)
	at org.telegram.telegrambots.updatesreceivers.DefaultBotSession$ReaderThread.getUpdatesFromServer(DefaultBotSession.java:258)
	at org.telegram.telegrambots.updatesreceivers.DefaultBotSession$ReaderThread.run(DefaultBotSession.java:188)
2026-04-27 15:04:11 ERROR [o.t.t.u.DefaultBotSession] — Error executing org.telegram.telegrambots.meta.api.methods.updates.GetUpdates query: [409] Conflict: terminated by other getUpdates request; make sure that only one bot instance is running
org.telegram.telegrambots.meta.exceptions.TelegramApiRequestException: Error executing org.telegram.telegrambots.meta.api.methods.updates.GetUpdates query: [409] Conflict: terminated by other getUpdates request; make sure that only one bot instance is running
	at org.telegram.telegrambots.meta.api.methods.PartialBotApiMethod.deserializeResponseInternal(PartialBotApiMethod.java:54)
	at org.telegram.telegrambots.meta.api.methods.PartialBotApiMethod.deserializeResponseArray(PartialBotApiMethod.java:39)
	at org.telegram.telegrambots.meta.api.methods.updates.GetUpdates.deserializeResponse(GetUpdates.java:83)
	at org.telegram.telegrambots.updatesreceivers.DefaultBotSession$ReaderThread.getUpdatesFromServer(DefaultBotSession.java:258)
	at org.telegram.telegrambots.updatesreceivers.DefaultBotSession$ReaderThread.run(DefaultBotSession.java:188)
2026-04-27 15:04:12 ERROR [o.t.t.u.DefaultBotSession] — Error executing org.telegram.telegrambots.meta.api.methods.updates.GetUpdates query: [409] Conflict: terminated by other getUpdates request; make sure that only one bot instance is running
org.telegram.telegrambots.meta.exceptions.TelegramApiRequestException: Error executing org.telegram.telegrambots.meta.api.methods.updates.GetUpdates query: [409] Conflict: terminated by other getUpdates request; make sure that only one bot instance is running
	at org.telegram.telegrambots.meta.api.methods.PartialBotApiMethod.deserializeResponseInternal(PartialBotApiMethod.java:54)
	at org.telegram.telegrambots.meta.api.methods.PartialBotApiMethod.deserializeResponseArray(PartialBotApiMethod.java:39)
	at org.telegram.telegrambots.meta.api.methods.updates.GetUpdates.deserializeResponse(GetUpdates.java:83)
	at org.telegram.telegrambots.updatesreceivers.DefaultBotSession$ReaderThread.getUpdatesFromServer(DefaultBotSession.java:258)
	at org.telegram.telegrambots.updatesreceivers.DefaultBotSession$ReaderThread.run(DefaultBotSession.java:188)
2026-04-27 15:04:16 ERROR [o.t.t.u.DefaultBotSession] — Error executing org.telegram.telegrambots.meta.api.methods.updates.GetUpdates query: [409] Conflict: terminated by other getUpdates request; make sure that only one bot instance is running
org.telegram.telegrambots.meta.exceptions.TelegramApiRequestException: Error executing org.telegram.telegrambots.meta.api.methods.updates.GetUpdates query: [409] Conflict: terminated by other getUpdates request; make sure that only one bot instance is running
	at org.telegram.telegrambots.meta.api.methods.PartialBotApiMethod.deserializeResponseInternal(PartialBotApiMethod.java:54)
	at org.telegram.telegrambots.meta.api.methods.PartialBotApiMethod.deserializeResponseArray(PartialBotApiMethod.java:39)
	at org.telegram.telegrambots.meta.api.methods.updates.GetUpdates.deserializeResponse(GetUpdates.java:83)
	at org.telegram.telegrambots.updatesreceivers.DefaultBotSession$ReaderThread.getUpdatesFromServer(DefaultBotSession.java:258)
	at org.telegram.telegrambots.updatesreceivers.DefaultBotSession$ReaderThread.run(DefaultBotSession.java:188)
2026-04-27 15:04:16 ERROR [o.t.t.u.DefaultBotSession] — Error executing org.telegram.telegrambots.meta.api.methods.updates.GetUpdates query: [409] Conflict: terminated by other getUpdates request; make sure that only one bot instance is running
org.telegram.telegrambots.meta.exceptions.TelegramApiRequestException: Error executing org.telegram.telegrambots.meta.api.methods.updates.GetUpdates query: [409] Conflict: terminated by other getUpdates request; make sure that only one bot instance is running
	at org.telegram.telegrambots.meta.api.methods.PartialBotApiMethod.deserializeResponseInternal(PartialBotApiMethod.java:54)
	at org.telegram.telegrambots.meta.api.methods.PartialBotApiMethod.deserializeResponseArray(PartialBotApiMethod.java:39)
	at org.telegram.telegrambots.meta.api.methods.updates.GetUpdates.deserializeResponse(GetUpdates.java:83)
	at org.telegram.telegrambots.updatesreceivers.DefaultBotSession$ReaderThread.getUpdatesFromServer(DefaultBotSession.java:258)
	at org.telegram.telegrambots.updatesreceivers.DefaultBotSession$ReaderThread.run(DefaultBotSession.java:188)
2026-04-27 15:04:20 ERROR [o.t.t.u.DefaultBotSession] — Error executing org.telegram.telegrambots.meta.api.methods.updates.GetUpdates query: [409] Conflict: terminated by other getUpdates request; make sure that only one bot instance is running
org.telegram.telegrambots.meta.exceptions.TelegramApiRequestException: Error executing org.telegram.telegrambots.meta.api.methods.updates.GetUpdates query: [409] Conflict: terminated by other getUpdates request; make sure that only one bot instance is running
	at org.telegram.telegrambots.meta.api.methods.PartialBotApiMethod.deserializeResponseInternal(PartialBotApiMethod.java:54)
	at org.telegram.telegrambots.meta.api.methods.PartialBotApiMethod.deserializeResponseArray(PartialBotApiMethod.java:39)
	at org.telegram.telegrambots.meta.api.methods.updates.GetUpdates.deserializeResponse(GetUpdates.java:83)
	at org.telegram.telegrambots.updatesreceivers.DefaultBotSession$ReaderThread.getUpdatesFromServer(DefaultBotSession.java:258)
	at org.telegram.telegrambots.updatesreceivers.DefaultBotSession$ReaderThread.run(DefaultBotSession.java:188)
2026-04-27 15:04:20 ERROR [o.t.t.u.DefaultBotSession] — Error executing org.telegram.telegrambots.meta.api.methods.updates.GetUpdates query: [409] Conflict: terminated by other getUpdates request; make sure that only one bot instance is running
org.telegram.telegrambots.meta.exceptions.TelegramApiRequestException: Error executing org.telegram.telegrambots.meta.api.methods.updates.GetUpdates query: [409] Conflict: terminated by other getUpdates request; make sure that only one bot instance is running
	at org.telegram.telegrambots.meta.api.methods.PartialBotApiMethod.deserializeResponseInternal(PartialBotApiMethod.java:54)
	at org.telegram.telegrambots.meta.api.methods.PartialBotApiMethod.deserializeResponseArray(PartialBotApiMethod.java:39)
	at org.telegram.telegrambots.meta.api.methods.updates.GetUpdates.deserializeResponse(GetUpdates.java:83)
	at org.telegram.telegrambots.updatesreceivers.DefaultBotSession$ReaderThread.getUpdatesFromServer(DefaultBotSession.java:258)
	at org.telegram.telegrambots.updatesreceivers.DefaultBotSession$ReaderThread.run(DefaultBotSession.java:188)
2026-04-27 15:04:24 ERROR [o.t.t.u.DefaultBotSession] — Error executing org.telegram.telegrambots.meta.api.methods.updates.GetUpdates query: [409] Conflict: terminated by other getUpdates request; make sure that only one bot instance is running
org.telegram.telegrambots.meta.exceptions.TelegramApiRequestException: Error executing org.telegram.telegrambots.meta.api.methods.updates.GetUpdates query: [409] Conflict: terminated by other getUpdates request; make sure that only one bot instance is running
	at org.telegram.telegrambots.meta.api.methods.PartialBotApiMethod.deserializeResponseInternal(PartialBotApiMethod.java:54)
	at org.telegram.telegrambots.meta.api.methods.PartialBotApiMethod.deserializeResponseArray(PartialBotApiMethod.java:39)
	at org.telegram.telegrambots.meta.api.methods.updates.GetUpdates.deserializeResponse(GetUpdates.java:83)
	at org.telegram.telegrambots.updatesreceivers.DefaultBotSession$ReaderThread.getUpdatesFromServer(DefaultBotSession.java:258)
	at org.telegram.telegrambots.updatesreceivers.DefaultBotSession$ReaderThread.run(DefaultBotSession.java:188)
2026-04-27 15:04:25 ERROR [o.t.t.u.DefaultBotSession] — Error executing org.telegram.telegrambots.meta.api.methods.updates.GetUpdates query: [409] Conflict: terminated by other getUpdates request; make sure that only one bot instance is running
org.telegram.telegrambots.meta.exceptions.TelegramApiRequestException: Error executing org.telegram.telegrambots.meta.api.methods.updates.GetUpdates query: [409] Conflict: terminated by other getUpdates request; make sure that only one bot instance is running
	at org.telegram.telegrambots.meta.api.methods.PartialBotApiMethod.deserializeResponseInternal(PartialBotApiMethod.java:54)
	at org.telegram.telegrambots.meta.api.methods.PartialBotApiMethod.deserializeResponseArray(PartialBotApiMethod.java:39)
	at org.telegram.telegrambots.meta.api.methods.updates.GetUpdates.deserializeResponse(GetUpdates.java:83)
	at org.telegram.telegrambots.updatesreceivers.DefaultBotSession$ReaderThread.getUpdatesFromServer(DefaultBotSession.java:258)
	at org.telegram.telegrambots.updatesreceivers.DefaultBotSession$ReaderThread.run(DefaultBotSession.java:188)
2026-04-27 15:04:28 ERROR [o.t.t.u.DefaultBotSession] — Error executing org.telegram.telegrambots.meta.api.methods.updates.GetUpdates query: [409] Conflict: terminated by other getUpdates request; make sure that only one bot instance is running
org.telegram.telegrambots.meta.exceptions.TelegramApiRequestException: Error executing org.telegram.telegrambots.meta.api.methods.updates.GetUpdates query: [409] Conflict: terminated by other getUpdates request; make sure that only one bot instance is running
	at org.telegram.telegrambots.meta.api.methods.PartialBotApiMethod.deserializeResponseInternal(PartialBotApiMethod.java:54)
	at org.telegram.telegrambots.meta.api.methods.PartialBotApiMethod.deserializeResponseArray(PartialBotApiMethod.java:39)
	at org.telegram.telegrambots.meta.api.methods.updates.GetUpdates.deserializeResponse(GetUpdates.java:83)
	at org.telegram.telegrambots.updatesreceivers.DefaultBotSession$ReaderThread.getUpdatesFromServer(DefaultBotSession.java:258)
	at org.telegram.telegrambots.updatesreceivers.DefaultBotSession$ReaderThread.run(DefaultBotSession.java:188)
2026-04-27 15:04:29 ERROR [o.t.t.u.DefaultBotSession] — Error executing org.telegram.telegrambots.meta.api.methods.updates.GetUpdates query: [409] Conflict: terminated by other getUpdates request; make sure that only one bot instance is running
org.telegram.telegrambots.meta.exceptions.TelegramApiRequestException: Error executing org.telegram.telegrambots.meta.api.methods.updates.GetUpdates query: [409] Conflict: terminated by other getUpdates request; make sure that only one bot instance is running
	at org.telegram.telegrambots.meta.api.methods.PartialBotApiMethod.deserializeResponseInternal(PartialBotApiMethod.java:54)
	at org.telegram.telegrambots.meta.api.methods.PartialBotApiMethod.deserializeResponseArray(PartialBotApiMethod.java:39)
	at org.telegram.telegrambots.meta.api.methods.updates.GetUpdates.deserializeResponse(GetUpdates.java:83)
	at org.telegram.telegrambots.updatesreceivers.DefaultBotSession$ReaderThread.getUpdatesFromServer(DefaultBotSession.java:258)
	at org.telegram.telegrambots.updatesreceivers.DefaultBotSession$ReaderThread.run(DefaultBotSession.java:188)
2026-04-27 15:04:33 ERROR [o.t.t.u.DefaultBotSession] — Error executing org.telegram.telegrambots.meta.api.methods.updates.GetUpdates query: [409] Conflict: terminated by other getUpdates request; make sure that only one bot instance is running
org.telegram.telegrambots.meta.exceptions.TelegramApiRequestException: Error executing org.telegram.telegrambots.meta.api.methods.updates.GetUpdates query: [409] Conflict: terminated by other getUpdates request; make sure that only one bot instance is running
	at org.telegram.telegrambots.meta.api.methods.PartialBotApiMethod.deserializeResponseInternal(PartialBotApiMethod.java:54)
	at org.telegram.telegrambots.meta.api.methods.PartialBotApiMethod.deserializeResponseArray(PartialBotApiMethod.java:39)
	at org.telegram.telegrambots.meta.api.methods.updates.GetUpdates.deserializeResponse(GetUpdates.java:83)
	at org.telegram.telegrambots.updatesreceivers.DefaultBotSession$ReaderThread.getUpdatesFromServer(DefaultBotSession.java:258)
	at org.telegram.telegrambots.updatesreceivers.DefaultBotSession$ReaderThread.run(DefaultBotSession.java:188)
2026-04-27 15:04:34 ERROR [o.t.t.u.DefaultBotSession] — Error executing org.telegram.telegrambots.meta.api.methods.updates.GetUpdates query: [409] Conflict: terminated by other getUpdates request; make sure that only one bot instance is running
org.telegram.telegrambots.meta.exceptions.TelegramApiRequestException: Error executing org.telegram.telegrambots.meta.api.methods.updates.GetUpdates query: [409] Conflict: terminated by other getUpdates request; make sure that only one bot instance is running
	at org.telegram.telegrambots.meta.api.methods.PartialBotApiMethod.deserializeResponseInternal(PartialBotApiMethod.java:54)
	at org.telegram.telegrambots.meta.api.methods.PartialBotApiMethod.deserializeResponseArray(PartialBotApiMethod.java:39)
	at org.telegram.telegrambots.meta.api.methods.updates.GetUpdates.deserializeResponse(GetUpdates.java:83)
	at org.telegram.telegrambots.updatesreceivers.DefaultBotSession$ReaderThread.getUpdatesFromServer(DefaultBotSession.java:258)
	at org.telegram.telegrambots.updatesreceivers.DefaultBotSession$ReaderThread.run(DefaultBotSession.java:188)
2026-04-27 15:04:37 ERROR [o.t.t.u.DefaultBotSession] — Error executing org.telegram.telegrambots.meta.api.methods.updates.GetUpdates query: [409] Conflict: terminated by other getUpdates request; make sure that only one bot instance is running
org.telegram.telegrambots.meta.exceptions.TelegramApiRequestException: Error executing org.telegram.telegrambots.meta.api.methods.updates.GetUpdates query: [409] Conflict: terminated by other getUpdates request; make sure that only one bot instance is running
	at org.telegram.telegrambots.meta.api.methods.PartialBotApiMethod.deserializeResponseInternal(PartialBotApiMethod.java:54)
	at org.telegram.telegrambots.meta.api.methods.PartialBotApiMethod.deserializeResponseArray(PartialBotApiMethod.java:39)
	at org.telegram.telegrambots.meta.api.methods.updates.GetUpdates.deserializeResponse(GetUpdates.java:83)
	at org.telegram.telegrambots.updatesreceivers.DefaultBotSession$ReaderThread.getUpdatesFromServer(DefaultBotSession.java:258)
	at org.telegram.telegrambots.updatesreceivers.DefaultBotSession$ReaderThread.run(DefaultBotSession.java:188)
2026-04-27 15:04:38 ERROR [o.t.t.u.DefaultBotSession] — Error executing org.telegram.telegrambots.meta.api.methods.updates.GetUpdates query: [409] Conflict: terminated by other getUpdates request; make sure that only one bot instance is running
org.telegram.telegrambots.meta.exceptions.TelegramApiRequestException: Error executing org.telegram.telegrambots.meta.api.methods.updates.GetUpdates query: [409] Conflict: terminated by other getUpdates request; make sure that only one bot instance is running
	at org.telegram.telegrambots.meta.api.methods.PartialBotApiMethod.deserializeResponseInternal(PartialBotApiMethod.java:54)
	at org.telegram.telegrambots.meta.api.methods.PartialBotApiMethod.deserializeResponseArray(PartialBotApiMethod.java:39)
	at org.telegram.telegrambots.meta.api.methods.updates.GetUpdates.deserializeResponse(GetUpdates.java:83)
	at org.telegram.telegrambots.updatesreceivers.DefaultBotSession$ReaderThread.getUpdatesFromServer(DefaultBotSession.java:258)
	at org.telegram.telegrambots.updatesreceivers.DefaultBotSession$ReaderThread.run(DefaultBotSession.java:188)
2026-04-27 15:04:42 ERROR [o.t.t.u.DefaultBotSession] — Error executing org.telegram.telegrambots.meta.api.methods.updates.GetUpdates query: [409] Conflict: terminated by other getUpdates request; make sure that only one bot instance is running
org.telegram.telegrambots.meta.exceptions.TelegramApiRequestException: Error executing org.telegram.telegrambots.meta.api.methods.updates.GetUpdates query: [409] Conflict: terminated by other getUpdates request; make sure that only one bot instance is running
	at org.telegram.telegrambots.meta.api.methods.PartialBotApiMethod.deserializeResponseInternal(PartialBotApiMethod.java:54)
	at org.telegram.telegrambots.meta.api.methods.PartialBotApiMethod.deserializeResponseArray(PartialBotApiMethod.java:39)
	at org.telegram.telegrambots.meta.api.methods.updates.GetUpdates.deserializeResponse(GetUpdates.java:83)
	at org.telegram.telegrambots.updatesreceivers.DefaultBotSession$ReaderThread.getUpdatesFromServer(DefaultBotSession.java:258)
	at org.telegram.telegrambots.updatesreceivers.DefaultBotSession$ReaderThread.run(DefaultBotSession.java:188)
2026-04-27 15:04:44 ERROR [o.t.t.u.DefaultBotSession] — Error executing org.telegram.telegrambots.meta.api.methods.updates.GetUpdates query: [409] Conflict: terminated by other getUpdates request; make sure that only one bot instance is running
org.telegram.telegrambots.meta.exceptions.TelegramApiRequestException: Error executing org.telegram.telegrambots.meta.api.methods.updates.GetUpdates query: [409] Conflict: terminated by other getUpdates request; make sure that only one bot instance is running
	at org.telegram.telegrambots.meta.api.methods.PartialBotApiMethod.deserializeResponseInternal(PartialBotApiMethod.java:54)
	at org.telegram.telegrambots.meta.api.methods.PartialBotApiMethod.deserializeResponseArray(PartialBotApiMethod.java:39)
	at org.telegram.telegrambots.meta.api.methods.updates.GetUpdates.deserializeResponse(GetUpdates.java:83)
	at org.telegram.telegrambots.updatesreceivers.DefaultBotSession$ReaderThread.getUpdatesFromServer(DefaultBotSession.java:258)
	at org.telegram.telegrambots.updatesreceivers.DefaultBotSession$ReaderThread.run(DefaultBotSession.java:188)
2026-04-27 15:04:48 ERROR [o.t.t.u.DefaultBotSession] — Error executing org.telegram.telegrambots.meta.api.methods.updates.GetUpdates query: [409] Conflict: terminated by other getUpdates request; make sure that only one bot instance is running
org.telegram.telegrambots.meta.exceptions.TelegramApiRequestException: Error executing org.telegram.telegrambots.meta.api.methods.updates.GetUpdates query: [409] Conflict: terminated by other getUpdates request; make sure that only one bot instance is running
	at org.telegram.telegrambots.meta.api.methods.PartialBotApiMethod.deserializeResponseInternal(PartialBotApiMethod.java:54)
	at org.telegram.telegrambots.meta.api.methods.PartialBotApiMethod.deserializeResponseArray(PartialBotApiMethod.java:39)
	at org.telegram.telegrambots.meta.api.methods.updates.GetUpdates.deserializeResponse(GetUpdates.java:83)
	at org.telegram.telegrambots.updatesreceivers.DefaultBotSession$ReaderThread.getUpdatesFromServer(DefaultBotSession.java:258)
	at org.telegram.telegrambots.updatesreceivers.DefaultBotSession$ReaderThread.run(DefaultBotSession.java:188)
2026-04-27 15:04:49 ERROR [o.t.t.u.DefaultBotSession] — Error executing org.telegram.telegrambots.meta.api.methods.updates.GetUpdates query: [409] Conflict: terminated by other getUpdates request; make sure that only one bot instance is running
org.telegram.telegrambots.meta.exceptions.TelegramApiRequestException: Error executing org.telegram.telegrambots.meta.api.methods.updates.GetUpdates query: [409] Conflict: terminated by other getUpdates request; make sure that only one bot instance is running
	at org.telegram.telegrambots.meta.api.methods.PartialBotApiMethod.deserializeResponseInternal(PartialBotApiMethod.java:54)
	at org.telegram.telegrambots.meta.api.methods.PartialBotApiMethod.deserializeResponseArray(PartialBotApiMethod.java:39)
	at org.telegram.telegrambots.meta.api.methods.updates.GetUpdates.deserializeResponse(GetUpdates.java:83)
	at org.telegram.telegrambots.updatesreceivers.DefaultBotSession$ReaderThread.getUpdatesFromServer(DefaultBotSession.java:258)
	at org.telegram.telegrambots.updatesreceivers.DefaultBotSession$ReaderThread.run(DefaultBotSession.java:188)
2026-04-27 15:04:53 ERROR [o.t.t.u.DefaultBotSession] — Error executing org.telegram.telegrambots.meta.api.methods.updates.GetUpdates query: [409] Conflict: terminated by other getUpdates request; make sure that only one bot instance is running
org.telegram.telegrambots.meta.exceptions.TelegramApiRequestException: Error executing org.telegram.telegrambots.meta.api.methods.updates.GetUpdates query: [409] Conflict: terminated by other getUpdates request; make sure that only one bot instance is running
	at org.telegram.telegrambots.meta.api.methods.PartialBotApiMethod.deserializeResponseInternal(PartialBotApiMethod.java:54)
	at org.telegram.telegrambots.meta.api.methods.PartialBotApiMethod.deserializeResponseArray(PartialBotApiMethod.java:39)
	at org.telegram.telegrambots.meta.api.methods.updates.GetUpdates.deserializeResponse(GetUpdates.java:83)
	at org.telegram.telegrambots.updatesreceivers.DefaultBotSession$ReaderThread.getUpdatesFromServer(DefaultBotSession.java:258)
	at org.telegram.telegrambots.updatesreceivers.DefaultBotSession$ReaderThread.run(DefaultBotSession.java:188)
2026-04-27 15:04:53 ERROR [o.t.t.u.DefaultBotSession] — Error executing org.telegram.telegrambots.meta.api.methods.updates.GetUpdates query: [409] Conflict: terminated by other getUpdates request; make sure that only one bot instance is running
org.telegram.telegrambots.meta.exceptions.TelegramApiRequestException: Error executing org.telegram.telegrambots.meta.api.methods.updates.GetUpdates query: [409] Conflict: terminated by other getUpdates request; make sure that only one bot instance is running
	at org.telegram.telegrambots.meta.api.methods.PartialBotApiMethod.deserializeResponseInternal(PartialBotApiMethod.java:54)
	at org.telegram.telegrambots.meta.api.methods.PartialBotApiMethod.deserializeResponseArray(PartialBotApiMethod.java:39)
	at org.telegram.telegrambots.meta.api.methods.updates.GetUpdates.deserializeResponse(GetUpdates.java:83)
	at org.telegram.telegrambots.updatesreceivers.DefaultBotSession$ReaderThread.getUpdatesFromServer(DefaultBotSession.java:258)
	at org.telegram.telegrambots.updatesreceivers.DefaultBotSession$ReaderThread.run(DefaultBotSession.java:188)
2026-04-27 15:04:57 ERROR [o.t.t.u.DefaultBotSession] — Error executing org.telegram.telegrambots.meta.api.methods.updates.GetUpdates query: [409] Conflict: terminated by other getUpdates request; make sure that only one bot instance is running
org.telegram.telegrambots.meta.exceptions.TelegramApiRequestException: Error executing org.telegram.telegrambots.meta.api.methods.updates.GetUpdates query: [409] Conflict: terminated by other getUpdates request; make sure that only one bot instance is running
	at org.telegram.telegrambots.meta.api.methods.PartialBotApiMethod.deserializeResponseInternal(PartialBotApiMethod.java:54)
	at org.telegram.telegrambots.meta.api.methods.PartialBotApiMethod.deserializeResponseArray(PartialBotApiMethod.java:39)
	at org.telegram.telegrambots.meta.api.methods.updates.GetUpdates.deserializeResponse(GetUpdates.java:83)
	at org.telegram.telegrambots.updatesreceivers.DefaultBotSession$ReaderThread.getUpdatesFromServer(DefaultBotSession.java:258)
	at org.telegram.telegrambots.updatesreceivers.DefaultBotSession$ReaderThread.run(DefaultBotSession.java:188)
2026-04-27 15:04:58 ERROR [o.t.t.u.DefaultBotSession] — Error executing org.telegram.telegrambots.meta.api.methods.updates.GetUpdates query: [409] Conflict: terminated by other getUpdates request; make sure that only one bot instance is running
org.telegram.telegrambots.meta.exceptions.TelegramApiRequestException: Error executing org.telegram.telegrambots.meta.api.methods.updates.GetUpdates query: [409] Conflict: terminated by other getUpdates request; make sure that only one bot instance is running
	at org.telegram.telegrambots.meta.api.methods.PartialBotApiMethod.deserializeResponseInternal(PartialBotApiMethod.java:54)
	at org.telegram.telegrambots.meta.api.methods.PartialBotApiMethod.deserializeResponseArray(PartialBotApiMethod.java:39)
	at org.telegram.telegrambots.meta.api.methods.updates.GetUpdates.deserializeResponse(GetUpdates.java:83)
	at org.telegram.telegrambots.updatesreceivers.DefaultBotSession$ReaderThread.getUpdatesFromServer(DefaultBotSession.java:258)
	at org.telegram.telegrambots.updatesreceivers.DefaultBotSession$ReaderThread.run(DefaultBotSession.java:188)
2026-04-27 15:05:01 ERROR [o.t.t.u.DefaultBotSession] — Error executing org.telegram.telegrambots.meta.api.methods.updates.GetUpdates query: [409] Conflict: terminated by other getUpdates request; make sure that only one bot instance is running
org.telegram.telegrambots.meta.exceptions.TelegramApiRequestException: Error executing org.telegram.telegrambots.meta.api.methods.updates.GetUpdates query: [409] Conflict: terminated by other getUpdates request; make sure that only one bot instance is running
	at org.telegram.telegrambots.meta.api.methods.PartialBotApiMethod.deserializeResponseInternal(PartialBotApiMethod.java:54)
	at org.telegram.telegrambots.meta.api.methods.PartialBotApiMethod.deserializeResponseArray(PartialBotApiMethod.java:39)
	at org.telegram.telegrambots.meta.api.methods.updates.GetUpdates.deserializeResponse(GetUpdates.java:83)
	at org.telegram.telegrambots.updatesreceivers.DefaultBotSession$ReaderThread.getUpdatesFromServer(DefaultBotSession.java:258)
	at org.telegram.telegrambots.updatesreceivers.DefaultBotSession$ReaderThread.run(DefaultBotSession.java:188)
2026-04-27 15:05:02 ERROR [o.t.t.u.DefaultBotSession] — Error executing org.telegram.telegrambots.meta.api.methods.updates.GetUpdates query: [409] Conflict: terminated by other getUpdates request; make sure that only one bot instance is running
org.telegram.telegrambots.meta.exceptions.TelegramApiRequestException: Error executing org.telegram.telegrambots.meta.api.methods.updates.GetUpdates query: [409] Conflict: terminated by other getUpdates request; make sure that only one bot instance is running
	at org.telegram.telegrambots.meta.api.methods.PartialBotApiMethod.deserializeResponseInternal(PartialBotApiMethod.java:54)
	at org.telegram.telegrambots.meta.api.methods.PartialBotApiMethod.deserializeResponseArray(PartialBotApiMethod.java:39)
	at org.telegram.telegrambots.meta.api.methods.updates.GetUpdates.deserializeResponse(GetUpdates.java:83)
	at org.telegram.telegrambots.updatesreceivers.DefaultBotSession$ReaderThread.getUpdatesFromServer(DefaultBotSession.java:258)
	at org.telegram.telegrambots.updatesreceivers.DefaultBotSession$ReaderThread.run(DefaultBotSession.java:188)
2026-04-27 15:05:06 ERROR [o.t.t.u.DefaultBotSession] — Error executing org.telegram.telegrambots.meta.api.methods.updates.GetUpdates query: [409] Conflict: terminated by other getUpdates request; make sure that only one bot instance is running
org.telegram.telegrambots.meta.exceptions.TelegramApiRequestException: Error executing org.telegram.telegrambots.meta.api.methods.updates.GetUpdates query: [409] Conflict: terminated by other getUpdates request; make sure that only one bot instance is running
	at org.telegram.telegrambots.meta.api.methods.PartialBotApiMethod.deserializeResponseInternal(PartialBotApiMethod.java:54)
	at org.telegram.telegrambots.meta.api.methods.PartialBotApiMethod.deserializeResponseArray(PartialBotApiMethod.java:39)
	at org.telegram.telegrambots.meta.api.methods.updates.GetUpdates.deserializeResponse(GetUpdates.java:83)
	at org.telegram.telegrambots.updatesreceivers.DefaultBotSession$ReaderThread.getUpdatesFromServer(DefaultBotSession.java:258)
	at org.telegram.telegrambots.updatesreceivers.DefaultBotSession$ReaderThread.run(DefaultBotSession.java:188)
2026-04-27 15:05:10 ERROR [o.t.t.u.DefaultBotSession] — Error executing org.telegram.telegrambots.meta.api.methods.updates.GetUpdates query: [409] Conflict: terminated by other getUpdates request; make sure that only one bot instance is running
org.telegram.telegrambots.meta.exceptions.TelegramApiRequestException: Error executing org.telegram.telegrambots.meta.api.methods.updates.GetUpdates query: [409] Conflict: terminated by other getUpdates request; make sure that only one bot instance is running
	at org.telegram.telegrambots.meta.api.methods.PartialBotApiMethod.deserializeResponseInternal(PartialBotApiMethod.java:54)
	at org.telegram.telegrambots.meta.api.methods.PartialBotApiMethod.deserializeResponseArray(PartialBotApiMethod.java:39)
	at org.telegram.telegrambots.meta.api.methods.updates.GetUpdates.deserializeResponse(GetUpdates.java:83)
	at org.telegram.telegrambots.updatesreceivers.DefaultBotSession$ReaderThread.getUpdatesFromServer(DefaultBotSession.java:258)
	at org.telegram.telegrambots.updatesreceivers.DefaultBotSession$ReaderThread.run(DefaultBotSession.java:188)
2026-04-27 15:05:14 ERROR [o.t.t.u.DefaultBotSession] — Error executing org.telegram.telegrambots.meta.api.methods.updates.GetUpdates query: [409] Conflict: terminated by other getUpdates request; make sure that only one bot instance is running
org.telegram.telegrambots.meta.exceptions.TelegramApiRequestException: Error executing org.telegram.telegrambots.meta.api.methods.updates.GetUpdates query: [409] Conflict: terminated by other getUpdates request; make sure that only one bot instance is running
	at org.telegram.telegrambots.meta.api.methods.PartialBotApiMethod.deserializeResponseInternal(PartialBotApiMethod.java:54)
	at org.telegram.telegrambots.meta.api.methods.PartialBotApiMethod.deserializeResponseArray(PartialBotApiMethod.java:39)
	at org.telegram.telegrambots.meta.api.methods.updates.GetUpdates.deserializeResponse(GetUpdates.java:83)
	at org.telegram.telegrambots.updatesreceivers.DefaultBotSession$ReaderThread.getUpdatesFromServer(DefaultBotSession.java:258)
	at org.telegram.telegrambots.updatesreceivers.DefaultBotSession$ReaderThread.run(DefaultBotSession.java:188)
2026-04-27 15:05:15 ERROR [o.t.t.u.DefaultBotSession] — Error executing org.telegram.telegrambots.meta.api.methods.updates.GetUpdates query: [409] Conflict: terminated by other getUpdates request; make sure that only one bot instance is running
org.telegram.telegrambots.meta.exceptions.TelegramApiRequestException: Error executing org.telegram.telegrambots.meta.api.methods.updates.GetUpdates query: [409] Conflict: terminated by other getUpdates request; make sure that only one bot instance is running
	at org.telegram.telegrambots.meta.api.methods.PartialBotApiMethod.deserializeResponseInternal(PartialBotApiMethod.java:54)
	at org.telegram.telegrambots.meta.api.methods.PartialBotApiMethod.deserializeResponseArray(PartialBotApiMethod.java:39)
	at org.telegram.telegrambots.meta.api.methods.updates.GetUpdates.deserializeResponse(GetUpdates.java:83)
	at org.telegram.telegrambots.updatesreceivers.DefaultBotSession$ReaderThread.getUpdatesFromServer(DefaultBotSession.java:258)
	at org.telegram.telegrambots.updatesreceivers.DefaultBotSession$ReaderThread.run(DefaultBotSession.java:188)
2026-04-27 15:05:19 ERROR [o.t.t.u.DefaultBotSession] — Error executing org.telegram.telegrambots.meta.api.methods.updates.GetUpdates query: [409] Conflict: terminated by other getUpdates request; make sure that only one bot instance is running
org.telegram.telegrambots.meta.exceptions.TelegramApiRequestException: Error executing org.telegram.telegrambots.meta.api.methods.updates.GetUpdates query: [409] Conflict: terminated by other getUpdates request; make sure that only one bot instance is running
	at org.telegram.telegrambots.meta.api.methods.PartialBotApiMethod.deserializeResponseInternal(PartialBotApiMethod.java:54)
	at org.telegram.telegrambots.meta.api.methods.PartialBotApiMethod.deserializeResponseArray(PartialBotApiMethod.java:39)
	at org.telegram.telegrambots.meta.api.methods.updates.GetUpdates.deserializeResponse(GetUpdates.java:83)
	at org.telegram.telegrambots.updatesreceivers.DefaultBotSession$ReaderThread.getUpdatesFromServer(DefaultBotSession.java:258)
	at org.telegram.telegrambots.updatesreceivers.DefaultBotSession$ReaderThread.run(DefaultBotSession.java:188)
2026-04-27 15:05:20 ERROR [o.t.t.u.DefaultBotSession] — Error executing org.telegram.telegrambots.meta.api.methods.updates.GetUpdates query: [409] Conflict: terminated by other getUpdates request; make sure that only one bot instance is running
org.telegram.telegrambots.meta.exceptions.TelegramApiRequestException: Error executing org.telegram.telegrambots.meta.api.methods.updates.GetUpdates query: [409] Conflict: terminated by other getUpdates request; make sure that only one bot instance is running
	at org.telegram.telegrambots.meta.api.methods.PartialBotApiMethod.deserializeResponseInternal(PartialBotApiMethod.java:54)
	at org.telegram.telegrambots.meta.api.methods.PartialBotApiMethod.deserializeResponseArray(PartialBotApiMethod.java:39)
	at org.telegram.telegrambots.meta.api.methods.updates.GetUpdates.deserializeResponse(GetUpdates.java:83)
	at org.telegram.telegrambots.updatesreceivers.DefaultBotSession$ReaderThread.getUpdatesFromServer(DefaultBotSession.java:258)
	at org.telegram.telegrambots.updatesreceivers.DefaultBotSession$ReaderThread.run(DefaultBotSession.java:188)
2026-04-27 15:05:23 ERROR [o.t.t.u.DefaultBotSession] — Error executing org.telegram.telegrambots.meta.api.methods.updates.GetUpdates query: [409] Conflict: terminated by other getUpdates request; make sure that only one bot instance is running
org.telegram.telegrambots.meta.exceptions.TelegramApiRequestException: Error executing org.telegram.telegrambots.meta.api.methods.updates.GetUpdates query: [409] Conflict: terminated by other getUpdates request; make sure that only one bot instance is running
	at org.telegram.telegrambots.meta.api.methods.PartialBotApiMethod.deserializeResponseInternal(PartialBotApiMethod.java:54)
	at org.telegram.telegrambots.meta.api.methods.PartialBotApiMethod.deserializeResponseArray(PartialBotApiMethod.java:39)
	at org.telegram.telegrambots.meta.api.methods.updates.GetUpdates.deserializeResponse(GetUpdates.java:83)
	at org.telegram.telegrambots.updatesreceivers.DefaultBotSession$ReaderThread.getUpdatesFromServer(DefaultBotSession.java:258)
	at org.telegram.telegrambots.updatesreceivers.DefaultBotSession$ReaderThread.run(DefaultBotSession.java:188)
2026-04-27 15:05:24 ERROR [o.t.t.u.DefaultBotSession] — Error executing org.telegram.telegrambots.meta.api.methods.updates.GetUpdates query: [409] Conflict: terminated by other getUpdates request; make sure that only one bot instance is running
org.telegram.telegrambots.meta.exceptions.TelegramApiRequestException: Error executing org.telegram.telegrambots.meta.api.methods.updates.GetUpdates query: [409] Conflict: terminated by other getUpdates request; make sure that only one bot instance is running
	at org.telegram.telegrambots.meta.api.methods.PartialBotApiMethod.deserializeResponseInternal(PartialBotApiMethod.java:54)
	at org.telegram.telegrambots.meta.api.methods.PartialBotApiMethod.deserializeResponseArray(PartialBotApiMethod.java:39)
	at org.telegram.telegrambots.meta.api.methods.updates.GetUpdates.deserializeResponse(GetUpdates.java:83)
	at org.telegram.telegrambots.updatesreceivers.DefaultBotSession$ReaderThread.getUpdatesFromServer(DefaultBotSession.java:258)
	at org.telegram.telegrambots.updatesreceivers.DefaultBotSession$ReaderThread.run(DefaultBotSession.java:188)
2026-04-27 15:05:28 ERROR [o.t.t.u.DefaultBotSession] — Error executing org.telegram.telegrambots.meta.api.methods.updates.GetUpdates query: [409] Conflict: terminated by other getUpdates request; make sure that only one bot instance is running
org.telegram.telegrambots.meta.exceptions.TelegramApiRequestException: Error executing org.telegram.telegrambots.meta.api.methods.updates.GetUpdates query: [409] Conflict: terminated by other getUpdates request; make sure that only one bot instance is running
	at org.telegram.telegrambots.meta.api.methods.PartialBotApiMethod.deserializeResponseInternal(PartialBotApiMethod.java:54)
	at org.telegram.telegrambots.meta.api.methods.PartialBotApiMethod.deserializeResponseArray(PartialBotApiMethod.java:39)
	at org.telegram.telegrambots.meta.api.methods.updates.GetUpdates.deserializeResponse(GetUpdates.java:83)
	at org.telegram.telegrambots.updatesreceivers.DefaultBotSession$ReaderThread.getUpdatesFromServer(DefaultBotSession.java:258)
	at org.telegram.telegrambots.updatesreceivers.DefaultBotSession$ReaderThread.run(DefaultBotSession.java:188)
2026-04-27 15:05:29 ERROR [o.t.t.u.DefaultBotSession] — Error executing org.telegram.telegrambots.meta.api.methods.updates.GetUpdates query: [409] Conflict: terminated by other getUpdates request; make sure that only one bot instance is running
org.telegram.telegrambots.meta.exceptions.TelegramApiRequestException: Error executing org.telegram.telegrambots.meta.api.methods.updates.GetUpdates query: [409] Conflict: terminated by other getUpdates request; make sure that only one bot instance is running
	at org.telegram.telegrambots.meta.api.methods.PartialBotApiMethod.deserializeResponseInternal(PartialBotApiMethod.java:54)
	at org.telegram.telegrambots.meta.api.methods.PartialBotApiMethod.deserializeResponseArray(PartialBotApiMethod.java:39)
	at org.telegram.telegrambots.meta.api.methods.updates.GetUpdates.deserializeResponse(GetUpdates.java:83)
	at org.telegram.telegrambots.updatesreceivers.DefaultBotSession$ReaderThread.getUpdatesFromServer(DefaultBotSession.java:258)
	at org.telegram.telegrambots.updatesreceivers.DefaultBotSession$ReaderThread.run(DefaultBotSession.java:188)
2026-04-27 15:05:32 ERROR [o.t.t.u.DefaultBotSession] — Error executing org.telegram.telegrambots.meta.api.methods.updates.GetUpdates query: [409] Conflict: terminated by other getUpdates request; make sure that only one bot instance is running
org.telegram.telegrambots.meta.exceptions.TelegramApiRequestException: Error executing org.telegram.telegrambots.meta.api.methods.updates.GetUpdates query: [409] Conflict: terminated by other getUpdates request; make sure that only one bot instance is running
	at org.telegram.telegrambots.meta.api.methods.PartialBotApiMethod.deserializeResponseInternal(PartialBotApiMethod.java:54)
	at org.telegram.telegrambots.meta.api.methods.PartialBotApiMethod.deserializeResponseArray(PartialBotApiMethod.java:39)
	at org.telegram.telegrambots.meta.api.methods.updates.GetUpdates.deserializeResponse(GetUpdates.java:83)
	at org.telegram.telegrambots.updatesreceivers.DefaultBotSession$ReaderThread.getUpdatesFromServer(DefaultBotSession.java:258)
	at org.telegram.telegrambots.updatesreceivers.DefaultBotSession$ReaderThread.run(DefaultBotSession.java:188)
2026-04-27 15:05:33 ERROR [o.t.t.u.DefaultBotSession] — Error executing org.telegram.telegrambots.meta.api.methods.updates.GetUpdates query: [409] Conflict: terminated by other getUpdates request; make sure that only one bot instance is running
org.telegram.telegrambots.meta.exceptions.TelegramApiRequestException: Error executing org.telegram.telegrambots.meta.api.methods.updates.GetUpdates query: [409] Conflict: terminated by other getUpdates request; make sure that only one bot instance is running
	at org.telegram.telegrambots.meta.api.methods.PartialBotApiMethod.deserializeResponseInternal(PartialBotApiMethod.java:54)
	at org.telegram.telegrambots.meta.api.methods.PartialBotApiMethod.deserializeResponseArray(PartialBotApiMethod.java:39)
	at org.telegram.telegrambots.meta.api.methods.updates.GetUpdates.deserializeResponse(GetUpdates.java:83)
	at org.telegram.telegrambots.updatesreceivers.DefaultBotSession$ReaderThread.getUpdatesFromServer(DefaultBotSession.java:258)
	at org.telegram.telegrambots.updatesreceivers.DefaultBotSession$ReaderThread.run(DefaultBotSession.java:188)
2026-04-27 15:05:37 ERROR [o.t.t.u.DefaultBotSession] — Error executing org.telegram.telegrambots.meta.api.methods.updates.GetUpdates query: [409] Conflict: terminated by other getUpdates request; make sure that only one bot instance is running
org.telegram.telegrambots.meta.exceptions.TelegramApiRequestException: Error executing org.telegram.telegrambots.meta.api.methods.updates.GetUpdates query: [409] Conflict: terminated by other getUpdates request; make sure that only one bot instance is running
	at org.telegram.telegrambots.meta.api.methods.PartialBotApiMethod.deserializeResponseInternal(PartialBotApiMethod.java:54)
	at org.telegram.telegrambots.meta.api.methods.PartialBotApiMethod.deserializeResponseArray(PartialBotApiMethod.java:39)
	at org.telegram.telegrambots.meta.api.methods.updates.GetUpdates.deserializeResponse(GetUpdates.java:83)
	at org.telegram.telegrambots.updatesreceivers.DefaultBotSession$ReaderThread.getUpdatesFromServer(DefaultBotSession.java:258)
	at org.telegram.telegrambots.updatesreceivers.DefaultBotSession$ReaderThread.run(DefaultBotSession.java:188)
2026-04-27 15:05:37 ERROR [o.t.t.u.DefaultBotSession] — Error executing org.telegram.telegrambots.meta.api.methods.updates.GetUpdates query: [409] Conflict: terminated by other getUpdates request; make sure that only one bot instance is running
org.telegram.telegrambots.meta.exceptions.TelegramApiRequestException: Error executing org.telegram.telegrambots.meta.api.methods.updates.GetUpdates query: [409] Conflict: terminated by other getUpdates request; make sure that only one bot instance is running
	at org.telegram.telegrambots.meta.api.methods.PartialBotApiMethod.deserializeResponseInternal(PartialBotApiMethod.java:54)
	at org.telegram.telegrambots.meta.api.methods.PartialBotApiMethod.deserializeResponseArray(PartialBotApiMethod.java:39)
	at org.telegram.telegrambots.meta.api.methods.updates.GetUpdates.deserializeResponse(GetUpdates.java:83)
	at org.telegram.telegrambots.updatesreceivers.DefaultBotSession$ReaderThread.getUpdatesFromServer(DefaultBotSession.java:258)
	at org.telegram.telegrambots.updatesreceivers.DefaultBotSession$ReaderThread.run(DefaultBotSession.java:188)
2026-04-27 15:05:41 ERROR [o.t.t.u.DefaultBotSession] — Error executing org.telegram.telegrambots.meta.api.methods.updates.GetUpdates query: [409] Conflict: terminated by other getUpdates request; make sure that only one bot instance is running
org.telegram.telegrambots.meta.exceptions.TelegramApiRequestException: Error executing org.telegram.telegrambots.meta.api.methods.updates.GetUpdates query: [409] Conflict: terminated by other getUpdates request; make sure that only one bot instance is running
	at org.telegram.telegrambots.meta.api.methods.PartialBotApiMethod.deserializeResponseInternal(PartialBotApiMethod.java:54)
	at org.telegram.telegrambots.meta.api.methods.PartialBotApiMethod.deserializeResponseArray(PartialBotApiMethod.java:39)
	at org.telegram.telegrambots.meta.api.methods.updates.GetUpdates.deserializeResponse(GetUpdates.java:83)
	at org.telegram.telegrambots.updatesreceivers.DefaultBotSession$ReaderThread.getUpdatesFromServer(DefaultBotSession.java:258)
	at org.telegram.telegrambots.updatesreceivers.DefaultBotSession$ReaderThread.run(DefaultBotSession.java:188)
2026-04-27 15:05:42 ERROR [o.t.t.u.DefaultBotSession] — Error executing org.telegram.telegrambots.meta.api.methods.updates.GetUpdates query: [409] Conflict: terminated by other getUpdates request; make sure that only one bot instance is running
org.telegram.telegrambots.meta.exceptions.TelegramApiRequestException: Error executing org.telegram.telegrambots.meta.api.methods.updates.GetUpdates query: [409] Conflict: terminated by other getUpdates request; make sure that only one bot instance is running
	at org.telegram.telegrambots.meta.api.methods.PartialBotApiMethod.deserializeResponseInternal(PartialBotApiMethod.java:54)
	at org.telegram.telegrambots.meta.api.methods.PartialBotApiMethod.deserializeResponseArray(PartialBotApiMethod.java:39)
	at org.telegram.telegrambots.meta.api.methods.updates.GetUpdates.deserializeResponse(GetUpdates.java:83)
	at org.telegram.telegrambots.updatesreceivers.DefaultBotSession$ReaderThread.getUpdatesFromServer(DefaultBotSession.java:258)
	at org.telegram.telegrambots.updatesreceivers.DefaultBotSession$ReaderThread.run(DefaultBotSession.java:188)
2026-04-27 15:05:46 ERROR [o.t.t.u.DefaultBotSession] — Error executing org.telegram.telegrambots.meta.api.methods.updates.GetUpdates query: [409] Conflict: terminated by other getUpdates request; make sure that only one bot instance is running
org.telegram.telegrambots.meta.exceptions.TelegramApiRequestException: Error executing org.telegram.telegrambots.meta.api.methods.updates.GetUpdates query: [409] Conflict: terminated by other getUpdates request; make sure that only one bot instance is running
	at org.telegram.telegrambots.meta.api.methods.PartialBotApiMethod.deserializeResponseInternal(PartialBotApiMethod.java:54)
	at org.telegram.telegrambots.meta.api.methods.PartialBotApiMethod.deserializeResponseArray(PartialBotApiMethod.java:39)
	at org.telegram.telegrambots.meta.api.methods.updates.GetUpdates.deserializeResponse(GetUpdates.java:83)
	at org.telegram.telegrambots.updatesreceivers.DefaultBotSession$ReaderThread.getUpdatesFromServer(DefaultBotSession.java:258)
	at org.telegram.telegrambots.updatesreceivers.DefaultBotSession$ReaderThread.run(DefaultBotSession.java:188)
2026-04-27 15:05:46 ERROR [o.t.t.u.DefaultBotSession] — Error executing org.telegram.telegrambots.meta.api.methods.updates.GetUpdates query: [409] Conflict: terminated by other getUpdates request; make sure that only one bot instance is running
org.telegram.telegrambots.meta.exceptions.TelegramApiRequestException: Error executing org.telegram.telegrambots.meta.api.methods.updates.GetUpdates query: [409] Conflict: terminated by other getUpdates request; make sure that only one bot instance is running
	at org.telegram.telegrambots.meta.api.methods.PartialBotApiMethod.deserializeResponseInternal(PartialBotApiMethod.java:54)
	at org.telegram.telegrambots.meta.api.methods.PartialBotApiMethod.deserializeResponseArray(PartialBotApiMethod.java:39)
	at org.telegram.telegrambots.meta.api.methods.updates.GetUpdates.deserializeResponse(GetUpdates.java:83)
	at org.telegram.telegrambots.updatesreceivers.DefaultBotSession$ReaderThread.getUpdatesFromServer(DefaultBotSession.java:258)
	at org.telegram.telegrambots.updatesreceivers.DefaultBotSession$ReaderThread.run(DefaultBotSession.java:188)
2026-04-27 15:05:50 ERROR [o.t.t.u.DefaultBotSession] — Error executing org.telegram.telegrambots.meta.api.methods.updates.GetUpdates query: [409] Conflict: terminated by other getUpdates request; make sure that only one bot instance is running
org.telegram.telegrambots.meta.exceptions.TelegramApiRequestException: Error executing org.telegram.telegrambots.meta.api.methods.updates.GetUpdates query: [409] Conflict: terminated by other getUpdates request; make sure that only one bot instance is running
	at org.telegram.telegrambots.meta.api.methods.PartialBotApiMethod.deserializeResponseInternal(PartialBotApiMethod.java:54)
	at org.telegram.telegrambots.meta.api.methods.PartialBotApiMethod.deserializeResponseArray(PartialBotApiMethod.java:39)
	at org.telegram.telegrambots.meta.api.methods.updates.GetUpdates.deserializeResponse(GetUpdates.java:83)
	at org.telegram.telegrambots.updatesreceivers.DefaultBotSession$ReaderThread.getUpdatesFromServer(DefaultBotSession.java:258)
	at org.telegram.telegrambots.updatesreceivers.DefaultBotSession$ReaderThread.run(DefaultBotSession.java:188)
2026-04-27 15:05:51 ERROR [o.t.t.u.DefaultBotSession] — Error executing org.telegram.telegrambots.meta.api.methods.updates.GetUpdates query: [409] Conflict: terminated by other getUpdates request; make sure that only one bot instance is running
org.telegram.telegrambots.meta.exceptions.TelegramApiRequestException: Error executing org.telegram.telegrambots.meta.api.methods.updates.GetUpdates query: [409] Conflict: terminated by other getUpdates request; make sure that only one bot instance is running
	at org.telegram.telegrambots.meta.api.methods.PartialBotApiMethod.deserializeResponseInternal(PartialBotApiMethod.java:54)
	at org.telegram.telegrambots.meta.api.methods.PartialBotApiMethod.deserializeResponseArray(PartialBotApiMethod.java:39)
	at org.telegram.telegrambots.meta.api.methods.updates.GetUpdates.deserializeResponse(GetUpdates.java:83)
	at org.telegram.telegrambots.updatesreceivers.DefaultBotSession$ReaderThread.getUpdatesFromServer(DefaultBotSession.java:258)
	at org.telegram.telegrambots.updatesreceivers.DefaultBotSession$ReaderThread.run(DefaultBotSession.java:188)
2026-04-27 15:05:55 ERROR [o.t.t.u.DefaultBotSession] — Error executing org.telegram.telegrambots.meta.api.methods.updates.GetUpdates query: [409] Conflict: terminated by other getUpdates request; make sure that only one bot instance is running
org.telegram.telegrambots.meta.exceptions.TelegramApiRequestException: Error executing org.telegram.telegrambots.meta.api.methods.updates.GetUpdates query: [409] Conflict: terminated by other getUpdates request; make sure that only one bot instance is running
	at org.telegram.telegrambots.meta.api.methods.PartialBotApiMethod.deserializeResponseInternal(PartialBotApiMethod.java:54)
	at org.telegram.telegrambots.meta.api.methods.PartialBotApiMethod.deserializeResponseArray(PartialBotApiMethod.java:39)
	at org.telegram.telegrambots.meta.api.methods.updates.GetUpdates.deserializeResponse(GetUpdates.java:83)
	at org.telegram.telegrambots.updatesreceivers.DefaultBotSession$ReaderThread.getUpdatesFromServer(DefaultBotSession.java:258)
	at org.telegram.telegrambots.updatesreceivers.DefaultBotSession$ReaderThread.run(DefaultBotSession.java:188)
2026-04-27 15:05:55 ERROR [o.t.t.u.DefaultBotSession] — Error executing org.telegram.telegrambots.meta.api.methods.updates.GetUpdates query: [409] Conflict: terminated by other getUpdates request; make sure that only one bot instance is running
org.telegram.telegrambots.meta.exceptions.TelegramApiRequestException: Error executing org.telegram.telegrambots.meta.api.methods.updates.GetUpdates query: [409] Conflict: terminated by other getUpdates request; make sure that only one bot instance is running
	at org.telegram.telegrambots.meta.api.methods.PartialBotApiMethod.deserializeResponseInternal(PartialBotApiMethod.java:54)
	at org.telegram.telegrambots.meta.api.methods.PartialBotApiMethod.deserializeResponseArray(PartialBotApiMethod.java:39)
	at org.telegram.telegrambots.meta.api.methods.updates.GetUpdates.deserializeResponse(GetUpdates.java:83)
	at org.telegram.telegrambots.updatesreceivers.DefaultBotSession$ReaderThread.getUpdatesFromServer(DefaultBotSession.java:258)
	at org.telegram.telegrambots.updatesreceivers.DefaultBotSession$ReaderThread.run(DefaultBotSession.java:188)
2026-04-27 15:05:59 ERROR [o.t.t.u.DefaultBotSession] — Error executing org.telegram.telegrambots.meta.api.methods.updates.GetUpdates query: [409] Conflict: terminated by other getUpdates request; make sure that only one bot instance is running
org.telegram.telegrambots.meta.exceptions.TelegramApiRequestException: Error executing org.telegram.telegrambots.meta.api.methods.updates.GetUpdates query: [409] Conflict: terminated by other getUpdates request; make sure that only one bot instance is running
	at org.telegram.telegrambots.meta.api.methods.PartialBotApiMethod.deserializeResponseInternal(PartialBotApiMethod.java:54)
	at org.telegram.telegrambots.meta.api.methods.PartialBotApiMethod.deserializeResponseArray(PartialBotApiMethod.java:39)
	at org.telegram.telegrambots.meta.api.methods.updates.GetUpdates.deserializeResponse(GetUpdates.java:83)
	at org.telegram.telegrambots.updatesreceivers.DefaultBotSession$ReaderThread.getUpdatesFromServer(DefaultBotSession.java:258)
	at org.telegram.telegrambots.updatesreceivers.DefaultBotSession$ReaderThread.run(DefaultBotSession.java:188)
2026-04-27 15:06:00 ERROR [o.t.t.u.DefaultBotSession] — Error executing org.telegram.telegrambots.meta.api.methods.updates.GetUpdates query: [409] Conflict: terminated by other getUpdates request; make sure that only one bot instance is running
org.telegram.telegrambots.meta.exceptions.TelegramApiRequestException: Error executing org.telegram.telegrambots.meta.api.methods.updates.GetUpdates query: [409] Conflict: terminated by other getUpdates request; make sure that only one bot instance is running
	at org.telegram.telegrambots.meta.api.methods.PartialBotApiMethod.deserializeResponseInternal(PartialBotApiMethod.java:54)
	at org.telegram.telegrambots.meta.api.methods.PartialBotApiMethod.deserializeResponseArray(PartialBotApiMethod.java:39)
	at org.telegram.telegrambots.meta.api.methods.updates.GetUpdates.deserializeResponse(GetUpdates.java:83)
	at org.telegram.telegrambots.updatesreceivers.DefaultBotSession$ReaderThread.getUpdatesFromServer(DefaultBotSession.java:258)
	at org.telegram.telegrambots.updatesreceivers.DefaultBotSession$ReaderThread.run(DefaultBotSession.java:188)
2026-04-27 15:06:03 ERROR [o.t.t.u.DefaultBotSession] — Error executing org.telegram.telegrambots.meta.api.methods.updates.GetUpdates query: [409] Conflict: terminated by other getUpdates request; make sure that only one bot instance is running
org.telegram.telegrambots.meta.exceptions.TelegramApiRequestException: Error executing org.telegram.telegrambots.meta.api.methods.updates.GetUpdates query: [409] Conflict: terminated by other getUpdates request; make sure that only one bot instance is running
	at org.telegram.telegrambots.meta.api.methods.PartialBotApiMethod.deserializeResponseInternal(PartialBotApiMethod.java:54)
	at org.telegram.telegrambots.meta.api.methods.PartialBotApiMethod.deserializeResponseArray(PartialBotApiMethod.java:39)
	at org.telegram.telegrambots.meta.api.methods.updates.GetUpdates.deserializeResponse(GetUpdates.java:83)
	at org.telegram.telegrambots.updatesreceivers.DefaultBotSession$ReaderThread.getUpdatesFromServer(DefaultBotSession.java:258)
	at org.telegram.telegrambots.updatesreceivers.DefaultBotSession$ReaderThread.run(DefaultBotSession.java:188)
2026-04-27 15:06:04 ERROR [o.t.t.u.DefaultBotSession] — Error executing org.telegram.telegrambots.meta.api.methods.updates.GetUpdates query: [409] Conflict: terminated by other getUpdates request; make sure that only one bot instance is running
org.telegram.telegrambots.meta.exceptions.TelegramApiRequestException: Error executing org.telegram.telegrambots.meta.api.methods.updates.GetUpdates query: [409] Conflict: terminated by other getUpdates request; make sure that only one bot instance is running
	at org.telegram.telegrambots.meta.api.methods.PartialBotApiMethod.deserializeResponseInternal(PartialBotApiMethod.java:54)
	at org.telegram.telegrambots.meta.api.methods.PartialBotApiMethod.deserializeResponseArray(PartialBotApiMethod.java:39)
	at org.telegram.telegrambots.meta.api.methods.updates.GetUpdates.deserializeResponse(GetUpdates.java:83)
	at org.telegram.telegrambots.updatesreceivers.DefaultBotSession$ReaderThread.getUpdatesFromServer(DefaultBotSession.java:258)
	at org.telegram.telegrambots.updatesreceivers.DefaultBotSession$ReaderThread.run(DefaultBotSession.java:188)
2026-04-27 15:06:08 ERROR [o.t.t.u.DefaultBotSession] — Error executing org.telegram.telegrambots.meta.api.methods.updates.GetUpdates query: [409] Conflict: terminated by other getUpdates request; make sure that only one bot instance is running
org.telegram.telegrambots.meta.exceptions.TelegramApiRequestException: Error executing org.telegram.telegrambots.meta.api.methods.updates.GetUpdates query: [409] Conflict: terminated by other getUpdates request; make sure that only one bot instance is running
	at org.telegram.telegrambots.meta.api.methods.PartialBotApiMethod.deserializeResponseInternal(PartialBotApiMethod.java:54)
	at org.telegram.telegrambots.meta.api.methods.PartialBotApiMethod.deserializeResponseArray(PartialBotApiMethod.java:39)
	at org.telegram.telegrambots.meta.api.methods.updates.GetUpdates.deserializeResponse(GetUpdates.java:83)
	at org.telegram.telegrambots.updatesreceivers.DefaultBotSession$ReaderThread.getUpdatesFromServer(DefaultBotSession.java:258)
	at org.telegram.telegrambots.updatesreceivers.DefaultBotSession$ReaderThread.run(DefaultBotSession.java:188)
2026-04-27 15:06:09 ERROR [o.t.t.u.DefaultBotSession] — Error executing org.telegram.telegrambots.meta.api.methods.updates.GetUpdates query: [409] Conflict: terminated by other getUpdates request; make sure that only one bot instance is running
org.telegram.telegrambots.meta.exceptions.TelegramApiRequestException: Error executing org.telegram.telegrambots.meta.api.methods.updates.GetUpdates query: [409] Conflict: terminated by other getUpdates request; make sure that only one bot instance is running
	at org.telegram.telegrambots.meta.api.methods.PartialBotApiMethod.deserializeResponseInternal(PartialBotApiMethod.java:54)
	at org.telegram.telegrambots.meta.api.methods.PartialBotApiMethod.deserializeResponseArray(PartialBotApiMethod.java:39)
	at org.telegram.telegrambots.meta.api.methods.updates.GetUpdates.deserializeResponse(GetUpdates.java:83)
	at org.telegram.telegrambots.updatesreceivers.DefaultBotSession$ReaderThread.getUpdatesFromServer(DefaultBotSession.java:258)
	at org.telegram.telegrambots.updatesreceivers.DefaultBotSession$ReaderThread.run(DefaultBotSession.java:188)
2026-04-27 15:06:12 ERROR [o.t.t.u.DefaultBotSession] — Error executing org.telegram.telegrambots.meta.api.methods.updates.GetUpdates query: [409] Conflict: terminated by other getUpdates request; make sure that only one bot instance is running
org.telegram.telegrambots.meta.exceptions.TelegramApiRequestException: Error executing org.telegram.telegrambots.meta.api.methods.updates.GetUpdates query: [409] Conflict: terminated by other getUpdates request; make sure that only one bot instance is running
	at org.telegram.telegrambots.meta.api.methods.PartialBotApiMethod.deserializeResponseInternal(PartialBotApiMethod.java:54)
	at org.telegram.telegrambots.meta.api.methods.PartialBotApiMethod.deserializeResponseArray(PartialBotApiMethod.java:39)
	at org.telegram.telegrambots.meta.api.methods.updates.GetUpdates.deserializeResponse(GetUpdates.java:83)
	at org.telegram.telegrambots.updatesreceivers.DefaultBotSession$ReaderThread.getUpdatesFromServer(DefaultBotSession.java:258)
	at org.telegram.telegrambots.updatesreceivers.DefaultBotSession$ReaderThread.run(DefaultBotSession.java:188)
2026-04-27 15:06:13 ERROR [o.t.t.u.DefaultBotSession] — Error executing org.telegram.telegrambots.meta.api.methods.updates.GetUpdates query: [409] Conflict: terminated by other getUpdates request; make sure that only one bot instance is running
org.telegram.telegrambots.meta.exceptions.TelegramApiRequestException: Error executing org.telegram.telegrambots.meta.api.methods.updates.GetUpdates query: [409] Conflict: terminated by other getUpdates request; make sure that only one bot instance is running
	at org.telegram.telegrambots.meta.api.methods.PartialBotApiMethod.deserializeResponseInternal(PartialBotApiMethod.java:54)
	at org.telegram.telegrambots.meta.api.methods.PartialBotApiMethod.deserializeResponseArray(PartialBotApiMethod.java:39)
	at org.telegram.telegrambots.meta.api.methods.updates.GetUpdates.deserializeResponse(GetUpdates.java:83)
	at org.telegram.telegrambots.updatesreceivers.DefaultBotSession$ReaderThread.getUpdatesFromServer(DefaultBotSession.java:258)
	at org.telegram.telegrambots.updatesreceivers.DefaultBotSession$ReaderThread.run(DefaultBotSession.java:188)
2026-04-27 15:06:17 ERROR [o.t.t.u.DefaultBotSession] — Error executing org.telegram.telegrambots.meta.api.methods.updates.GetUpdates query: [409] Conflict: terminated by other getUpdates request; make sure that only one bot instance is running
org.telegram.telegrambots.meta.exceptions.TelegramApiRequestException: Error executing org.telegram.telegrambots.meta.api.methods.updates.GetUpdates query: [409] Conflict: terminated by other getUpdates request; make sure that only one bot instance is running
	at org.telegram.telegrambots.meta.api.methods.PartialBotApiMethod.deserializeResponseInternal(PartialBotApiMethod.java:54)
	at org.telegram.telegrambots.meta.api.methods.PartialBotApiMethod.deserializeResponseArray(PartialBotApiMethod.java:39)
	at org.telegram.telegrambots.meta.api.methods.updates.GetUpdates.deserializeResponse(GetUpdates.java:83)
	at org.telegram.telegrambots.updatesreceivers.DefaultBotSession$ReaderThread.getUpdatesFromServer(DefaultBotSession.java:258)
	at org.telegram.telegrambots.updatesreceivers.DefaultBotSession$ReaderThread.run(DefaultBotSession.java:188)
2026-04-27 15:06:18 ERROR [o.t.t.u.DefaultBotSession] — Error executing org.telegram.telegrambots.meta.api.methods.updates.GetUpdates query: [409] Conflict: terminated by other getUpdates request; make sure that only one bot instance is running
org.telegram.telegrambots.meta.exceptions.TelegramApiRequestException: Error executing org.telegram.telegrambots.meta.api.methods.updates.GetUpdates query: [409] Conflict: terminated by other getUpdates request; make sure that only one bot instance is running
	at org.telegram.telegrambots.meta.api.methods.PartialBotApiMethod.deserializeResponseInternal(PartialBotApiMethod.java:54)
	at org.telegram.telegrambots.meta.api.methods.PartialBotApiMethod.deserializeResponseArray(PartialBotApiMethod.java:39)
	at org.telegram.telegrambots.meta.api.methods.updates.GetUpdates.deserializeResponse(GetUpdates.java:83)
	at org.telegram.telegrambots.updatesreceivers.DefaultBotSession$ReaderThread.getUpdatesFromServer(DefaultBotSession.java:258)
	at org.telegram.telegrambots.updatesreceivers.DefaultBotSession$ReaderThread.run(DefaultBotSession.java:188)
2026-04-27 15:06:22 ERROR [o.t.t.u.DefaultBotSession] — Error executing org.telegram.telegrambots.meta.api.methods.updates.GetUpdates query: [409] Conflict: terminated by other getUpdates request; make sure that only one bot instance is running
org.telegram.telegrambots.meta.exceptions.TelegramApiRequestException: Error executing org.telegram.telegrambots.meta.api.methods.updates.GetUpdates query: [409] Conflict: terminated by other getUpdates request; make sure that only one bot instance is running
	at org.telegram.telegrambots.meta.api.methods.PartialBotApiMethod.deserializeResponseInternal(PartialBotApiMethod.java:54)
	at org.telegram.telegrambots.meta.api.methods.PartialBotApiMethod.deserializeResponseArray(PartialBotApiMethod.java:39)
	at org.telegram.telegrambots.meta.api.methods.updates.GetUpdates.deserializeResponse(GetUpdates.java:83)
	at org.telegram.telegrambots.updatesreceivers.DefaultBotSession$ReaderThread.getUpdatesFromServer(DefaultBotSession.java:258)
	at org.telegram.telegrambots.updatesreceivers.DefaultBotSession$ReaderThread.run(DefaultBotSession.java:188)
2026-04-27 15:06:23 ERROR [o.t.t.u.DefaultBotSession] — Error executing org.telegram.telegrambots.meta.api.methods.updates.GetUpdates query: [409] Conflict: terminated by other getUpdates request; make sure that only one bot instance is running
org.telegram.telegrambots.meta.exceptions.TelegramApiRequestException: Error executing org.telegram.telegrambots.meta.api.methods.updates.GetUpdates query: [409] Conflict: terminated by other getUpdates request; make sure that only one bot instance is running
	at org.telegram.telegrambots.meta.api.methods.PartialBotApiMethod.deserializeResponseInternal(PartialBotApiMethod.java:54)
	at org.telegram.telegrambots.meta.api.methods.PartialBotApiMethod.deserializeResponseArray(PartialBotApiMethod.java:39)
	at org.telegram.telegrambots.meta.api.methods.updates.GetUpdates.deserializeResponse(GetUpdates.java:83)
	at org.telegram.telegrambots.updatesreceivers.DefaultBotSession$ReaderThread.getUpdatesFromServer(DefaultBotSession.java:258)
	at org.telegram.telegrambots.updatesreceivers.DefaultBotSession$ReaderThread.run(DefaultBotSession.java:188)
2026-04-27 15:06:27 ERROR [o.t.t.u.DefaultBotSession] — Error executing org.telegram.telegrambots.meta.api.methods.updates.GetUpdates query: [409] Conflict: terminated by other getUpdates request; make sure that only one bot instance is running
org.telegram.telegrambots.meta.exceptions.TelegramApiRequestException: Error executing org.telegram.telegrambots.meta.api.methods.updates.GetUpdates query: [409] Conflict: terminated by other getUpdates request; make sure that only one bot instance is running
	at org.telegram.telegrambots.meta.api.methods.PartialBotApiMethod.deserializeResponseInternal(PartialBotApiMethod.java:54)
	at org.telegram.telegrambots.meta.api.methods.PartialBotApiMethod.deserializeResponseArray(PartialBotApiMethod.java:39)
	at org.telegram.telegrambots.meta.api.methods.updates.GetUpdates.deserializeResponse(GetUpdates.java:83)
	at org.telegram.telegrambots.updatesreceivers.DefaultBotSession$ReaderThread.getUpdatesFromServer(DefaultBotSession.java:258)
	at org.telegram.telegrambots.updatesreceivers.DefaultBotSession$ReaderThread.run(DefaultBotSession.java:188)
2026-04-27 15:06:28 ERROR [o.t.t.u.DefaultBotSession] — Error executing org.telegram.telegrambots.meta.api.methods.updates.GetUpdates query: [409] Conflict: terminated by other getUpdates request; make sure that only one bot instance is running
org.telegram.telegrambots.meta.exceptions.TelegramApiRequestException: Error executing org.telegram.telegrambots.meta.api.methods.updates.GetUpdates query: [409] Conflict: terminated by other getUpdates request; make sure that only one bot instance is running
	at org.telegram.telegrambots.meta.api.methods.PartialBotApiMethod.deserializeResponseInternal(PartialBotApiMethod.java:54)
	at org.telegram.telegrambots.meta.api.methods.PartialBotApiMethod.deserializeResponseArray(PartialBotApiMethod.java:39)
	at org.telegram.telegrambots.meta.api.methods.updates.GetUpdates.deserializeResponse(GetUpdates.java:83)
	at org.telegram.telegrambots.updatesreceivers.DefaultBotSession$ReaderThread.getUpdatesFromServer(DefaultBotSession.java:258)
	at org.telegram.telegrambots.updatesreceivers.DefaultBotSession$ReaderThread.run(DefaultBotSession.java:188)
2026-04-27 15:06:32 ERROR [o.t.t.u.DefaultBotSession] — Error executing org.telegram.telegrambots.meta.api.methods.updates.GetUpdates query: [409] Conflict: terminated by other getUpdates request; make sure that only one bot instance is running
org.telegram.telegrambots.meta.exceptions.TelegramApiRequestException: Error executing org.telegram.telegrambots.meta.api.methods.updates.GetUpdates query: [409] Conflict: terminated by other getUpdates request; make sure that only one bot instance is running
	at org.telegram.telegrambots.meta.api.methods.PartialBotApiMethod.deserializeResponseInternal(PartialBotApiMethod.java:54)
	at org.telegram.telegrambots.meta.api.methods.PartialBotApiMethod.deserializeResponseArray(PartialBotApiMethod.java:39)
	at org.telegram.telegrambots.meta.api.methods.updates.GetUpdates.deserializeResponse(GetUpdates.java:83)
	at org.telegram.telegrambots.updatesreceivers.DefaultBotSession$ReaderThread.getUpdatesFromServer(DefaultBotSession.java:258)
	at org.telegram.telegrambots.updatesreceivers.DefaultBotSession$ReaderThread.run(DefaultBotSession.java:188)
2026-04-27 15:06:33 ERROR [o.t.t.u.DefaultBotSession] — Error executing org.telegram.telegrambots.meta.api.methods.updates.GetUpdates query: [409] Conflict: terminated by other getUpdates request; make sure that only one bot instance is running
org.telegram.telegrambots.meta.exceptions.TelegramApiRequestException: Error executing org.telegram.telegrambots.meta.api.methods.updates.GetUpdates query: [409] Conflict: terminated by other getUpdates request; make sure that only one bot instance is running
	at org.telegram.telegrambots.meta.api.methods.PartialBotApiMethod.deserializeResponseInternal(PartialBotApiMethod.java:54)
	at org.telegram.telegrambots.meta.api.methods.PartialBotApiMethod.deserializeResponseArray(PartialBotApiMethod.java:39)
	at org.telegram.telegrambots.meta.api.methods.updates.GetUpdates.deserializeResponse(GetUpdates.java:83)
	at org.telegram.telegrambots.updatesreceivers.DefaultBotSession$ReaderThread.getUpdatesFromServer(DefaultBotSession.java:258)
	at org.telegram.telegrambots.updatesreceivers.DefaultBotSession$ReaderThread.run(DefaultBotSession.java:188)
2026-04-27 15:06:37 ERROR [o.t.t.u.DefaultBotSession] — Error executing org.telegram.telegrambots.meta.api.methods.updates.GetUpdates query: [409] Conflict: terminated by other getUpdates request; make sure that only one bot instance is running
org.telegram.telegrambots.meta.exceptions.TelegramApiRequestException: Error executing org.telegram.telegrambots.meta.api.methods.updates.GetUpdates query: [409] Conflict: terminated by other getUpdates request; make sure that only one bot instance is running
	at org.telegram.telegrambots.meta.api.methods.PartialBotApiMethod.deserializeResponseInternal(PartialBotApiMethod.java:54)
	at org.telegram.telegrambots.meta.api.methods.PartialBotApiMethod.deserializeResponseArray(PartialBotApiMethod.java:39)
	at org.telegram.telegrambots.meta.api.methods.updates.GetUpdates.deserializeResponse(GetUpdates.java:83)
	at org.telegram.telegrambots.updatesreceivers.DefaultBotSession$ReaderThread.getUpdatesFromServer(DefaultBotSession.java:258)
	at org.telegram.telegrambots.updatesreceivers.DefaultBotSession$ReaderThread.run(DefaultBotSession.java:188)
2026-04-27 15:06:38 ERROR [o.t.t.u.DefaultBotSession] — Error executing org.telegram.telegrambots.meta.api.methods.updates.GetUpdates query: [409] Conflict: terminated by other getUpdates request; make sure that only one bot instance is running
org.telegram.telegrambots.meta.exceptions.TelegramApiRequestException: Error executing org.telegram.telegrambots.meta.api.methods.updates.GetUpdates query: [409] Conflict: terminated by other getUpdates request; make sure that only one bot instance is running
	at org.telegram.telegrambots.meta.api.methods.PartialBotApiMethod.deserializeResponseInternal(PartialBotApiMethod.java:54)
	at org.telegram.telegrambots.meta.api.methods.PartialBotApiMethod.deserializeResponseArray(PartialBotApiMethod.java:39)
	at org.telegram.telegrambots.meta.api.methods.updates.GetUpdates.deserializeResponse(GetUpdates.java:83)
	at org.telegram.telegrambots.updatesreceivers.DefaultBotSession$ReaderThread.getUpdatesFromServer(DefaultBotSession.java:258)
	at org.telegram.telegrambots.updatesreceivers.DefaultBotSession$ReaderThread.run(DefaultBotSession.java:188)
2026-04-27 15:06:42 ERROR [o.t.t.u.DefaultBotSession] — Error executing org.telegram.telegrambots.meta.api.methods.updates.GetUpdates query: [409] Conflict: terminated by other getUpdates request; make sure that only one bot instance is running
org.telegram.telegrambots.meta.exceptions.TelegramApiRequestException: Error executing org.telegram.telegrambots.meta.api.methods.updates.GetUpdates query: [409] Conflict: terminated by other getUpdates request; make sure that only one bot instance is running
	at org.telegram.telegrambots.meta.api.methods.PartialBotApiMethod.deserializeResponseInternal(PartialBotApiMethod.java:54)
	at org.telegram.telegrambots.meta.api.methods.PartialBotApiMethod.deserializeResponseArray(PartialBotApiMethod.java:39)
	at org.telegram.telegrambots.meta.api.methods.updates.GetUpdates.deserializeResponse(GetUpdates.java:83)
	at org.telegram.telegrambots.updatesreceivers.DefaultBotSession$ReaderThread.getUpdatesFromServer(DefaultBotSession.java:258)
	at org.telegram.telegrambots.updatesreceivers.DefaultBotSession$ReaderThread.run(DefaultBotSession.java:188)
2026-04-27 15:06:43 ERROR [o.t.t.u.DefaultBotSession] — Error executing org.telegram.telegrambots.meta.api.methods.updates.GetUpdates query: [409] Conflict: terminated by other getUpdates request; make sure that only one bot instance is running
org.telegram.telegrambots.meta.exceptions.TelegramApiRequestException: Error executing org.telegram.telegrambots.meta.api.methods.updates.GetUpdates query: [409] Conflict: terminated by other getUpdates request; make sure that only one bot instance is running
	at org.telegram.telegrambots.meta.api.methods.PartialBotApiMethod.deserializeResponseInternal(PartialBotApiMethod.java:54)
	at org.telegram.telegrambots.meta.api.methods.PartialBotApiMethod.deserializeResponseArray(PartialBotApiMethod.java:39)
	at org.telegram.telegrambots.meta.api.methods.updates.GetUpdates.deserializeResponse(GetUpdates.java:83)
	at org.telegram.telegrambots.updatesreceivers.DefaultBotSession$ReaderThread.getUpdatesFromServer(DefaultBotSession.java:258)
	at org.telegram.telegrambots.updatesreceivers.DefaultBotSession$ReaderThread.run(DefaultBotSession.java:188)
2026-04-27 15:06:46 ERROR [o.t.t.u.DefaultBotSession] — Error executing org.telegram.telegrambots.meta.api.methods.updates.GetUpdates query: [409] Conflict: terminated by other getUpdates request; make sure that only one bot instance is running
org.telegram.telegrambots.meta.exceptions.TelegramApiRequestException: Error executing org.telegram.telegrambots.meta.api.methods.updates.GetUpdates query: [409] Conflict: terminated by other getUpdates request; make sure that only one bot instance is running
	at org.telegram.telegrambots.meta.api.methods.PartialBotApiMethod.deserializeResponseInternal(PartialBotApiMethod.java:54)
	at org.telegram.telegrambots.meta.api.methods.PartialBotApiMethod.deserializeResponseArray(PartialBotApiMethod.java:39)
	at org.telegram.telegrambots.meta.api.methods.updates.GetUpdates.deserializeResponse(GetUpdates.java:83)
	at org.telegram.telegrambots.updatesreceivers.DefaultBotSession$ReaderThread.getUpdatesFromServer(DefaultBotSession.java:258)
	at org.telegram.telegrambots.updatesreceivers.DefaultBotSession$ReaderThread.run(DefaultBotSession.java:188)
2026-04-27 15:06:47 ERROR [o.t.t.u.DefaultBotSession] — Error executing org.telegram.telegrambots.meta.api.methods.updates.GetUpdates query: [409] Conflict: terminated by other getUpdates request; make sure that only one bot instance is running
org.telegram.telegrambots.meta.exceptions.TelegramApiRequestException: Error executing org.telegram.telegrambots.meta.api.methods.updates.GetUpdates query: [409] Conflict: terminated by other getUpdates request; make sure that only one bot instance is running
	at org.telegram.telegrambots.meta.api.methods.PartialBotApiMethod.deserializeResponseInternal(PartialBotApiMethod.java:54)
	at org.telegram.telegrambots.meta.api.methods.PartialBotApiMethod.deserializeResponseArray(PartialBotApiMethod.java:39)
	at org.telegram.telegrambots.meta.api.methods.updates.GetUpdates.deserializeResponse(GetUpdates.java:83)
	at org.telegram.telegrambots.updatesreceivers.DefaultBotSession$ReaderThread.getUpdatesFromServer(DefaultBotSession.java:258)
	at org.telegram.telegrambots.updatesreceivers.DefaultBotSession$ReaderThread.run(DefaultBotSession.java:188)
2026-04-27 15:06:51 ERROR [o.t.t.u.DefaultBotSession] — Error executing org.telegram.telegrambots.meta.api.methods.updates.GetUpdates query: [409] Conflict: terminated by other getUpdates request; make sure that only one bot instance is running
org.telegram.telegrambots.meta.exceptions.TelegramApiRequestException: Error executing org.telegram.telegrambots.meta.api.methods.updates.GetUpdates query: [409] Conflict: terminated by other getUpdates request; make sure that only one bot instance is running
	at org.telegram.telegrambots.meta.api.methods.PartialBotApiMethod.deserializeResponseInternal(PartialBotApiMethod.java:54)
	at org.telegram.telegrambots.meta.api.methods.PartialBotApiMethod.deserializeResponseArray(PartialBotApiMethod.java:39)
	at org.telegram.telegrambots.meta.api.methods.updates.GetUpdates.deserializeResponse(GetUpdates.java:83)
	at org.telegram.telegrambots.updatesreceivers.DefaultBotSession$ReaderThread.getUpdatesFromServer(DefaultBotSession.java:258)
	at org.telegram.telegrambots.updatesreceivers.DefaultBotSession$ReaderThread.run(DefaultBotSession.java:188)
2026-04-27 15:06:52 ERROR [o.t.t.u.DefaultBotSession] — Error executing org.telegram.telegrambots.meta.api.methods.updates.GetUpdates query: [409] Conflict: terminated by other getUpdates request; make sure that only one bot instance is running
org.telegram.telegrambots.meta.exceptions.TelegramApiRequestException: Error executing org.telegram.telegrambots.meta.api.methods.updates.GetUpdates query: [409] Conflict: terminated by other getUpdates request; make sure that only one bot instance is running
	at org.telegram.telegrambots.meta.api.methods.PartialBotApiMethod.deserializeResponseInternal(PartialBotApiMethod.java:54)
	at org.telegram.telegrambots.meta.api.methods.PartialBotApiMethod.deserializeResponseArray(PartialBotApiMethod.java:39)
	at org.telegram.telegrambots.meta.api.methods.updates.GetUpdates.deserializeResponse(GetUpdates.java:83)
	at org.telegram.telegrambots.updatesreceivers.DefaultBotSession$ReaderThread.getUpdatesFromServer(DefaultBotSession.java:258)
	at org.telegram.telegrambots.updatesreceivers.DefaultBotSession$ReaderThread.run(DefaultBotSession.java:188)
2026-04-27 15:06:55 ERROR [o.t.t.u.DefaultBotSession] — Error executing org.telegram.telegrambots.meta.api.methods.updates.GetUpdates query: [409] Conflict: terminated by other getUpdates request; make sure that only one bot instance is running
org.telegram.telegrambots.meta.exceptions.TelegramApiRequestException: Error executing org.telegram.telegrambots.meta.api.methods.updates.GetUpdates query: [409] Conflict: terminated by other getUpdates request; make sure that only one bot instance is running
	at org.telegram.telegrambots.meta.api.methods.PartialBotApiMethod.deserializeResponseInternal(PartialBotApiMethod.java:54)
	at org.telegram.telegrambots.meta.api.methods.PartialBotApiMethod.deserializeResponseArray(PartialBotApiMethod.java:39)
	at org.telegram.telegrambots.meta.api.methods.updates.GetUpdates.deserializeResponse(GetUpdates.java:83)
	at org.telegram.telegrambots.updatesreceivers.DefaultBotSession$ReaderThread.getUpdatesFromServer(DefaultBotSession.java:258)
	at org.telegram.telegrambots.updatesreceivers.DefaultBotSession$ReaderThread.run(DefaultBotSession.java:188)
2026-04-27 15:06:56 ERROR [o.t.t.u.DefaultBotSession] — Error executing org.telegram.telegrambots.meta.api.methods.updates.GetUpdates query: [409] Conflict: terminated by other getUpdates request; make sure that only one bot instance is running
org.telegram.telegrambots.meta.exceptions.TelegramApiRequestException: Error executing org.telegram.telegrambots.meta.api.methods.updates.GetUpdates query: [409] Conflict: terminated by other getUpdates request; make sure that only one bot instance is running
	at org.telegram.telegrambots.meta.api.methods.PartialBotApiMethod.deserializeResponseInternal(PartialBotApiMethod.java:54)
	at org.telegram.telegrambots.meta.api.methods.PartialBotApiMethod.deserializeResponseArray(PartialBotApiMethod.java:39)
	at org.telegram.telegrambots.meta.api.methods.updates.GetUpdates.deserializeResponse(GetUpdates.java:83)
	at org.telegram.telegrambots.updatesreceivers.DefaultBotSession$ReaderThread.getUpdatesFromServer(DefaultBotSession.java:258)
	at org.telegram.telegrambots.updatesreceivers.DefaultBotSession$ReaderThread.run(DefaultBotSession.java:188)
2026-04-27 15:07:00 ERROR [o.t.t.u.DefaultBotSession] — Error executing org.telegram.telegrambots.meta.api.methods.updates.GetUpdates query: [409] Conflict: terminated by other getUpdates request; make sure that only one bot instance is running
org.telegram.telegrambots.meta.exceptions.TelegramApiRequestException: Error executing org.telegram.telegrambots.meta.api.methods.updates.GetUpdates query: [409] Conflict: terminated by other getUpdates request; make sure that only one bot instance is running
	at org.telegram.telegrambots.meta.api.methods.PartialBotApiMethod.deserializeResponseInternal(PartialBotApiMethod.java:54)
	at org.telegram.telegrambots.meta.api.methods.PartialBotApiMethod.deserializeResponseArray(PartialBotApiMethod.java:39)
	at org.telegram.telegrambots.meta.api.methods.updates.GetUpdates.deserializeResponse(GetUpdates.java:83)
	at org.telegram.telegrambots.updatesreceivers.DefaultBotSession$ReaderThread.getUpdatesFromServer(DefaultBotSession.java:258)
	at org.telegram.telegrambots.updatesreceivers.DefaultBotSession$ReaderThread.run(DefaultBotSession.java:188)
2026-04-27 15:07:00 ERROR [o.t.t.u.DefaultBotSession] — Error executing org.telegram.telegrambots.meta.api.methods.updates.GetUpdates query: [409] Conflict: terminated by other getUpdates request; make sure that only one bot instance is running
org.telegram.telegrambots.meta.exceptions.TelegramApiRequestException: Error executing org.telegram.telegrambots.meta.api.methods.updates.GetUpdates query: [409] Conflict: terminated by other getUpdates request; make sure that only one bot instance is running
	at org.telegram.telegrambots.meta.api.methods.PartialBotApiMethod.deserializeResponseInternal(PartialBotApiMethod.java:54)
	at org.telegram.telegrambots.meta.api.methods.PartialBotApiMethod.deserializeResponseArray(PartialBotApiMethod.java:39)
	at org.telegram.telegrambots.meta.api.methods.updates.GetUpdates.deserializeResponse(GetUpdates.java:83)
	at org.telegram.telegrambots.updatesreceivers.DefaultBotSession$ReaderThread.getUpdatesFromServer(DefaultBotSession.java:258)
	at org.telegram.telegrambots.updatesreceivers.DefaultBotSession$ReaderThread.run(DefaultBotSession.java:188)
2026-04-27 15:07:04 ERROR [o.t.t.u.DefaultBotSession] — Error executing org.telegram.telegrambots.meta.api.methods.updates.GetUpdates query: [409] Conflict: terminated by other getUpdates request; make sure that only one bot instance is running
org.telegram.telegrambots.meta.exceptions.TelegramApiRequestException: Error executing org.telegram.telegrambots.meta.api.methods.updates.GetUpdates query: [409] Conflict: terminated by other getUpdates request; make sure that only one bot instance is running
	at org.telegram.telegrambots.meta.api.methods.PartialBotApiMethod.deserializeResponseInternal(PartialBotApiMethod.java:54)
	at org.telegram.telegrambots.meta.api.methods.PartialBotApiMethod.deserializeResponseArray(PartialBotApiMethod.java:39)
	at org.telegram.telegrambots.meta.api.methods.updates.GetUpdates.deserializeResponse(GetUpdates.java:83)
	at org.telegram.telegrambots.updatesreceivers.DefaultBotSession$ReaderThread.getUpdatesFromServer(DefaultBotSession.java:258)
	at org.telegram.telegrambots.updatesreceivers.DefaultBotSession$ReaderThread.run(DefaultBotSession.java:188)
2026-04-27 15:07:05 ERROR [o.t.t.u.DefaultBotSession] — Error executing org.telegram.telegrambots.meta.api.methods.updates.GetUpdates query: [409] Conflict: terminated by other getUpdates request; make sure that only one bot instance is running
org.telegram.telegrambots.meta.exceptions.TelegramApiRequestException: Error executing org.telegram.telegrambots.meta.api.methods.updates.GetUpdates query: [409] Conflict: terminated by other getUpdates request; make sure that only one bot instance is running
	at org.telegram.telegrambots.meta.api.methods.PartialBotApiMethod.deserializeResponseInternal(PartialBotApiMethod.java:54)
	at org.telegram.telegrambots.meta.api.methods.PartialBotApiMethod.deserializeResponseArray(PartialBotApiMethod.java:39)
	at org.telegram.telegrambots.meta.api.methods.updates.GetUpdates.deserializeResponse(GetUpdates.java:83)
	at org.telegram.telegrambots.updatesreceivers.DefaultBotSession$ReaderThread.getUpdatesFromServer(DefaultBotSession.java:258)
	at org.telegram.telegrambots.updatesreceivers.DefaultBotSession$ReaderThread.run(DefaultBotSession.java:188)
2026-04-27 15:07:08 ERROR [o.t.t.u.DefaultBotSession] — Error executing org.telegram.telegrambots.meta.api.methods.updates.GetUpdates query: [409] Conflict: terminated by other getUpdates request; make sure that only one bot instance is running
org.telegram.telegrambots.meta.exceptions.TelegramApiRequestException: Error executing org.telegram.telegrambots.meta.api.methods.updates.GetUpdates query: [409] Conflict: terminated by other getUpdates request; make sure that only one bot instance is running
	at org.telegram.telegrambots.meta.api.methods.PartialBotApiMethod.deserializeResponseInternal(PartialBotApiMethod.java:54)
	at org.telegram.telegrambots.meta.api.methods.PartialBotApiMethod.deserializeResponseArray(PartialBotApiMethod.java:39)
	at org.telegram.telegrambots.meta.api.methods.updates.GetUpdates.deserializeResponse(GetUpdates.java:83)
	at org.telegram.telegrambots.updatesreceivers.DefaultBotSession$ReaderThread.getUpdatesFromServer(DefaultBotSession.java:258)
	at org.telegram.telegrambots.updatesreceivers.DefaultBotSession$ReaderThread.run(DefaultBotSession.java:188)
2026-04-27 15:07:09 ERROR [o.t.t.u.DefaultBotSession] — Error executing org.telegram.telegrambots.meta.api.methods.updates.GetUpdates query: [409] Conflict: terminated by other getUpdates request; make sure that only one bot instance is running
org.telegram.telegrambots.meta.exceptions.TelegramApiRequestException: Error executing org.telegram.telegrambots.meta.api.methods.updates.GetUpdates query: [409] Conflict: terminated by other getUpdates request; make sure that only one bot instance is running
	at org.telegram.telegrambots.meta.api.methods.PartialBotApiMethod.deserializeResponseInternal(PartialBotApiMethod.java:54)
	at org.telegram.telegrambots.meta.api.methods.PartialBotApiMethod.deserializeResponseArray(PartialBotApiMethod.java:39)
	at org.telegram.telegrambots.meta.api.methods.updates.GetUpdates.deserializeResponse(GetUpdates.java:83)
	at org.telegram.telegrambots.updatesreceivers.DefaultBotSession$ReaderThread.getUpdatesFromServer(DefaultBotSession.java:258)
	at org.telegram.telegrambots.updatesreceivers.DefaultBotSession$ReaderThread.run(DefaultBotSession.java:188)
2026-04-27 15:07:13 ERROR [o.t.t.u.DefaultBotSession] — Error executing org.telegram.telegrambots.meta.api.methods.updates.GetUpdates query: [409] Conflict: terminated by other getUpdates request; make sure that only one bot instance is running
org.telegram.telegrambots.meta.exceptions.TelegramApiRequestException: Error executing org.telegram.telegrambots.meta.api.methods.updates.GetUpdates query: [409] Conflict: terminated by other getUpdates request; make sure that only one bot instance is running
	at org.telegram.telegrambots.meta.api.methods.PartialBotApiMethod.deserializeResponseInternal(PartialBotApiMethod.java:54)
	at org.telegram.telegrambots.meta.api.methods.PartialBotApiMethod.deserializeResponseArray(PartialBotApiMethod.java:39)
	at org.telegram.telegrambots.meta.api.methods.updates.GetUpdates.deserializeResponse(GetUpdates.java:83)
	at org.telegram.telegrambots.updatesreceivers.DefaultBotSession$ReaderThread.getUpdatesFromServer(DefaultBotSession.java:258)
	at org.telegram.telegrambots.updatesreceivers.DefaultBotSession$ReaderThread.run(DefaultBotSession.java:188)
2026-04-27 15:07:13 ERROR [o.t.t.u.DefaultBotSession] — Error executing org.telegram.telegrambots.meta.api.methods.updates.GetUpdates query: [409] Conflict: terminated by other getUpdates request; make sure that only one bot instance is running
org.telegram.telegrambots.meta.exceptions.TelegramApiRequestException: Error executing org.telegram.telegrambots.meta.api.methods.updates.GetUpdates query: [409] Conflict: terminated by other getUpdates request; make sure that only one bot instance is running
	at org.telegram.telegrambots.meta.api.methods.PartialBotApiMethod.deserializeResponseInternal(PartialBotApiMethod.java:54)
	at org.telegram.telegrambots.meta.api.methods.PartialBotApiMethod.deserializeResponseArray(PartialBotApiMethod.java:39)
	at org.telegram.telegrambots.meta.api.methods.updates.GetUpdates.deserializeResponse(GetUpdates.java:83)
	at org.telegram.telegrambots.updatesreceivers.DefaultBotSession$ReaderThread.getUpdatesFromServer(DefaultBotSession.java:258)
	at org.telegram.telegrambots.updatesreceivers.DefaultBotSession$ReaderThread.run(DefaultBotSession.java:188)
2026-04-27 15:07:17 ERROR [o.t.t.u.DefaultBotSession] — Error executing org.telegram.telegrambots.meta.api.methods.updates.GetUpdates query: [409] Conflict: terminated by other getUpdates request; make sure that only one bot instance is running
org.telegram.telegrambots.meta.exceptions.TelegramApiRequestException: Error executing org.telegram.telegrambots.meta.api.methods.updates.GetUpdates query: [409] Conflict: terminated by other getUpdates request; make sure that only one bot instance is running
	at org.telegram.telegrambots.meta.api.methods.PartialBotApiMethod.deserializeResponseInternal(PartialBotApiMethod.java:54)
	at org.telegram.telegrambots.meta.api.methods.PartialBotApiMethod.deserializeResponseArray(PartialBotApiMethod.java:39)
	at org.telegram.telegrambots.meta.api.methods.updates.GetUpdates.deserializeResponse(GetUpdates.java:83)
	at org.telegram.telegrambots.updatesreceivers.DefaultBotSession$ReaderThread.getUpdatesFromServer(DefaultBotSession.java:258)
	at org.telegram.telegrambots.updatesreceivers.DefaultBotSession$ReaderThread.run(DefaultBotSession.java:188)
2026-04-27 15:07:18 ERROR [o.t.t.u.DefaultBotSession] — Error executing org.telegram.telegrambots.meta.api.methods.updates.GetUpdates query: [409] Conflict: terminated by other getUpdates request; make sure that only one bot instance is running
org.telegram.telegrambots.meta.exceptions.TelegramApiRequestException: Error executing org.telegram.telegrambots.meta.api.methods.updates.GetUpdates query: [409] Conflict: terminated by other getUpdates request; make sure that only one bot instance is running
	at org.telegram.telegrambots.meta.api.methods.PartialBotApiMethod.deserializeResponseInternal(PartialBotApiMethod.java:54)
	at org.telegram.telegrambots.meta.api.methods.PartialBotApiMethod.deserializeResponseArray(PartialBotApiMethod.java:39)
	at org.telegram.telegrambots.meta.api.methods.updates.GetUpdates.deserializeResponse(GetUpdates.java:83)
	at org.telegram.telegrambots.updatesreceivers.DefaultBotSession$ReaderThread.getUpdatesFromServer(DefaultBotSession.java:258)
	at org.telegram.telegrambots.updatesreceivers.DefaultBotSession$ReaderThread.run(DefaultBotSession.java:188)
2026-04-27 15:07:22 ERROR [o.t.t.u.DefaultBotSession] — Error executing org.telegram.telegrambots.meta.api.methods.updates.GetUpdates query: [409] Conflict: terminated by other getUpdates request; make sure that only one bot instance is running
org.telegram.telegrambots.meta.exceptions.TelegramApiRequestException: Error executing org.telegram.telegrambots.meta.api.methods.updates.GetUpdates query: [409] Conflict: terminated by other getUpdates request; make sure that only one bot instance is running
	at org.telegram.telegrambots.meta.api.methods.PartialBotApiMethod.deserializeResponseInternal(PartialBotApiMethod.java:54)
	at org.telegram.telegrambots.meta.api.methods.PartialBotApiMethod.deserializeResponseArray(PartialBotApiMethod.java:39)
	at org.telegram.telegrambots.meta.api.methods.updates.GetUpdates.deserializeResponse(GetUpdates.java:83)
	at org.telegram.telegrambots.updatesreceivers.DefaultBotSession$ReaderThread.getUpdatesFromServer(DefaultBotSession.java:258)
	at org.telegram.telegrambots.updatesreceivers.DefaultBotSession$ReaderThread.run(DefaultBotSession.java:188)
2026-04-27 15:07:22 ERROR [o.t.t.u.DefaultBotSession] — Error executing org.telegram.telegrambots.meta.api.methods.updates.GetUpdates query: [409] Conflict: terminated by other getUpdates request; make sure that only one bot instance is running
org.telegram.telegrambots.meta.exceptions.TelegramApiRequestException: Error executing org.telegram.telegrambots.meta.api.methods.updates.GetUpdates query: [409] Conflict: terminated by other getUpdates request; make sure that only one bot instance is running
	at org.telegram.telegrambots.meta.api.methods.PartialBotApiMethod.deserializeResponseInternal(PartialBotApiMethod.java:54)
	at org.telegram.telegrambots.meta.api.methods.PartialBotApiMethod.deserializeResponseArray(PartialBotApiMethod.java:39)
	at org.telegram.telegrambots.meta.api.methods.updates.GetUpdates.deserializeResponse(GetUpdates.java:83)
	at org.telegram.telegrambots.updatesreceivers.DefaultBotSession$ReaderThread.getUpdatesFromServer(DefaultBotSession.java:258)
	at org.telegram.telegrambots.updatesreceivers.DefaultBotSession$ReaderThread.run(DefaultBotSession.java:188)
2026-04-27 15:07:26 ERROR [o.t.t.u.DefaultBotSession] — Error executing org.telegram.telegrambots.meta.api.methods.updates.GetUpdates query: [409] Conflict: terminated by other getUpdates request; make sure that only one bot instance is running
org.telegram.telegrambots.meta.exceptions.TelegramApiRequestException: Error executing org.telegram.telegrambots.meta.api.methods.updates.GetUpdates query: [409] Conflict: terminated by other getUpdates request; make sure that only one bot instance is running
	at org.telegram.telegrambots.meta.api.methods.PartialBotApiMethod.deserializeResponseInternal(PartialBotApiMethod.java:54)
	at org.telegram.telegrambots.meta.api.methods.PartialBotApiMethod.deserializeResponseArray(PartialBotApiMethod.java:39)
	at org.telegram.telegrambots.meta.api.methods.updates.GetUpdates.deserializeResponse(GetUpdates.java:83)
	at org.telegram.telegrambots.updatesreceivers.DefaultBotSession$ReaderThread.getUpdatesFromServer(DefaultBotSession.java:258)
	at org.telegram.telegrambots.updatesreceivers.DefaultBotSession$ReaderThread.run(DefaultBotSession.java:188)
2026-04-27 15:07:27 ERROR [o.t.t.u.DefaultBotSession] — Error executing org.telegram.telegrambots.meta.api.methods.updates.GetUpdates query: [409] Conflict: terminated by other getUpdates request; make sure that only one bot instance is running
org.telegram.telegrambots.meta.exceptions.TelegramApiRequestException: Error executing org.telegram.telegrambots.meta.api.methods.updates.GetUpdates query: [409] Conflict: terminated by other getUpdates request; make sure that only one bot instance is running
	at org.telegram.telegrambots.meta.api.methods.PartialBotApiMethod.deserializeResponseInternal(PartialBotApiMethod.java:54)
	at org.telegram.telegrambots.meta.api.methods.PartialBotApiMethod.deserializeResponseArray(PartialBotApiMethod.java:39)
	at org.telegram.telegrambots.meta.api.methods.updates.GetUpdates.deserializeResponse(GetUpdates.java:83)
	at org.telegram.telegrambots.updatesreceivers.DefaultBotSession$ReaderThread.getUpdatesFromServer(DefaultBotSession.java:258)
	at org.telegram.telegrambots.updatesreceivers.DefaultBotSession$ReaderThread.run(DefaultBotSession.java:188)
2026-04-27 15:07:31 ERROR [o.t.t.u.DefaultBotSession] — Error executing org.telegram.telegrambots.meta.api.methods.updates.GetUpdates query: [409] Conflict: terminated by other getUpdates request; make sure that only one bot instance is running
org.telegram.telegrambots.meta.exceptions.TelegramApiRequestException: Error executing org.telegram.telegrambots.meta.api.methods.updates.GetUpdates query: [409] Conflict: terminated by other getUpdates request; make sure that only one bot instance is running
	at org.telegram.telegrambots.meta.api.methods.PartialBotApiMethod.deserializeResponseInternal(PartialBotApiMethod.java:54)
	at org.telegram.telegrambots.meta.api.methods.PartialBotApiMethod.deserializeResponseArray(PartialBotApiMethod.java:39)
	at org.telegram.telegrambots.meta.api.methods.updates.GetUpdates.deserializeResponse(GetUpdates.java:83)
	at org.telegram.telegrambots.updatesreceivers.DefaultBotSession$ReaderThread.getUpdatesFromServer(DefaultBotSession.java:258)
	at org.telegram.telegrambots.updatesreceivers.DefaultBotSession$ReaderThread.run(DefaultBotSession.java:188)
2026-04-27 15:07:32 ERROR [o.t.t.u.DefaultBotSession] — Error executing org.telegram.telegrambots.meta.api.methods.updates.GetUpdates query: [409] Conflict: terminated by other getUpdates request; make sure that only one bot instance is running
org.telegram.telegrambots.meta.exceptions.TelegramApiRequestException: Error executing org.telegram.telegrambots.meta.api.methods.updates.GetUpdates query: [409] Conflict: terminated by other getUpdates request; make sure that only one bot instance is running
	at org.telegram.telegrambots.meta.api.methods.PartialBotApiMethod.deserializeResponseInternal(PartialBotApiMethod.java:54)
	at org.telegram.telegrambots.meta.api.methods.PartialBotApiMethod.deserializeResponseArray(PartialBotApiMethod.java:39)
	at org.telegram.telegrambots.meta.api.methods.updates.GetUpdates.deserializeResponse(GetUpdates.java:83)
	at org.telegram.telegrambots.updatesreceivers.DefaultBotSession$ReaderThread.getUpdatesFromServer(DefaultBotSession.java:258)
	at org.telegram.telegrambots.updatesreceivers.DefaultBotSession$ReaderThread.run(DefaultBotSession.java:188)
2026-04-27 15:07:36 ERROR [o.t.t.u.DefaultBotSession] — Error executing org.telegram.telegrambots.meta.api.methods.updates.GetUpdates query: [409] Conflict: terminated by other getUpdates request; make sure that only one bot instance is running
org.telegram.telegrambots.meta.exceptions.TelegramApiRequestException: Error executing org.telegram.telegrambots.meta.api.methods.updates.GetUpdates query: [409] Conflict: terminated by other getUpdates request; make sure that only one bot instance is running
	at org.telegram.telegrambots.meta.api.methods.PartialBotApiMethod.deserializeResponseInternal(PartialBotApiMethod.java:54)
	at org.telegram.telegrambots.meta.api.methods.PartialBotApiMethod.deserializeResponseArray(PartialBotApiMethod.java:39)
	at org.telegram.telegrambots.meta.api.methods.updates.GetUpdates.deserializeResponse(GetUpdates.java:83)
	at org.telegram.telegrambots.updatesreceivers.DefaultBotSession$ReaderThread.getUpdatesFromServer(DefaultBotSession.java:258)
	at org.telegram.telegrambots.updatesreceivers.DefaultBotSession$ReaderThread.run(DefaultBotSession.java:188)
2026-04-27 15:07:37 ERROR [o.t.t.u.DefaultBotSession] — Error executing org.telegram.telegrambots.meta.api.methods.updates.GetUpdates query: [409] Conflict: terminated by other getUpdates request; make sure that only one bot instance is running
org.telegram.telegrambots.meta.exceptions.TelegramApiRequestException: Error executing org.telegram.telegrambots.meta.api.methods.updates.GetUpdates query: [409] Conflict: terminated by other getUpdates request; make sure that only one bot instance is running
	at org.telegram.telegrambots.meta.api.methods.PartialBotApiMethod.deserializeResponseInternal(PartialBotApiMethod.java:54)
	at org.telegram.telegrambots.meta.api.methods.PartialBotApiMethod.deserializeResponseArray(PartialBotApiMethod.java:39)
	at org.telegram.telegrambots.meta.api.methods.updates.GetUpdates.deserializeResponse(GetUpdates.java:83)
	at org.telegram.telegrambots.updatesreceivers.DefaultBotSession$ReaderThread.getUpdatesFromServer(DefaultBotSession.java:258)
	at org.telegram.telegrambots.updatesreceivers.DefaultBotSession$ReaderThread.run(DefaultBotSession.java:188)
2026-04-27 15:07:41 ERROR [o.t.t.u.DefaultBotSession] — Error executing org.telegram.telegrambots.meta.api.methods.updates.GetUpdates query: [409] Conflict: terminated by other getUpdates request; make sure that only one bot instance is running
org.telegram.telegrambots.meta.exceptions.TelegramApiRequestException: Error executing org.telegram.telegrambots.meta.api.methods.updates.GetUpdates query: [409] Conflict: terminated by other getUpdates request; make sure that only one bot instance is running
	at org.telegram.telegrambots.meta.api.methods.PartialBotApiMethod.deserializeResponseInternal(PartialBotApiMethod.java:54)
	at org.telegram.telegrambots.meta.api.methods.PartialBotApiMethod.deserializeResponseArray(PartialBotApiMethod.java:39)
	at org.telegram.telegrambots.meta.api.methods.updates.GetUpdates.deserializeResponse(GetUpdates.java:83)
	at org.telegram.telegrambots.updatesreceivers.DefaultBotSession$ReaderThread.getUpdatesFromServer(DefaultBotSession.java:258)
	at org.telegram.telegrambots.updatesreceivers.DefaultBotSession$ReaderThread.run(DefaultBotSession.java:188)
2026-04-27 15:07:42 INFO  [org.example.Main] — 🛑 Shutting down...
2026-04-27 15:07:42 INFO  [c.z.h.HikariDataSource] — SportWavePool - Shutdown initiated...
2026-04-27 15:07:42 INFO  [c.z.h.HikariDataSource] — SportWavePool - Shutdown completed.
2026-04-27 15:07:42 INFO  [org.example.Database] — 🔌 DB pool closed
2026-04-27 15:07:42 INFO  [org.example.Main] — 🛑 Shutting down...
2026-04-27 15:07:42 INFO  [c.z.h.HikariDataSource] — SportWavePool - Shutdown initiated...
2026-04-27 15:07:42 INFO  [c.z.h.HikariDataSource] — SportWavePool - Shutdown completed.
2026-04-27 15:07:42 INFO  [org.example.Database] — 🔌 DB pool closed
